time,temperature,rectifier,power,mean_um
2331.66,8.464285714,2,1986.276111,15.1
1803.623,14.86363636,2,4392.207778,11.9
1805.97,16.13043478,1,7182.194583,12.96
1959.84,15.11111111,2,5516.544167,11.2
1976.897,14.44444444,1,3061.032917,12.12
4766.527,14.33333333,2,34807.1475,18.76
4087.5,15,2,34301.64222,19.2
4239.056,14.6,1,45466.71028,17.16
3632.773,13.92307692,2,17305.69278,22.66
3597.41,14.72222222,2,16428.56903,18.42
2691.73,19,2,7772.309167,17.12
1836.183,19.71428571,2,14676.74347,16.34
1801.33,18.3,2,11949.76097,14.52
1766.277,19.625,2,12119.5875,16.42
1891.1,19.57142857,2,13124.37278,15.88
1806.203,18.71428571,2,11878.19972,11.52
1796.783,18.75,2,10768.71528,11.4
1875.86,18.75,2,12160.28319,13.18
1686.247,19.4,1,3715.897083,13.42
1756.167,19.66666667,2,10847.42542,13.9
1811.06,19.66666667,2,11624.67556,14.22
1730.987,19.625,2,10344.73319,13.24
1816.28,19.63636364,2,11451.65083,10.88
1876.31,19.57142857,2,11316.93944,14.02
1746.437,19.625,2,10863.29958,13.52
5983.697,15.91428571,2,17796.64972,22.34
4958.39,16.35294118,1,14785.815,15.38
1841.244,18.31578947,2,11457.42236,11.72
1926.66,19.5,2,11258.91139,10.56
1831.32,19.55555556,2,11735.85347,13.8
1865.753,19.55555556,2,11759.97264,12.42
1836.463,19.625,2,11126.76153,12.72
1851.13,19.625,2,11102.36722,14.98
1806.33,19.625,2,11210.47958,12.08
6038.84,13.38461538,2,17074.77361,18.14
5338.58,13.94444444,1,18285.81583,22.74
1801.033,18.53846154,2,10956.39139,11.24
1806.047,19.52941176,2,10568.09514,13.78
1816.5,19.57142857,2,9994.404028,13.02
1776.333,19.625,2,10848.26792,11.3
1796.127,17.91666667,2,10987.32931,12.42
1825.79,19.625,2,11316.79056,11.334
1806.453,19.625,2,10655.93472,11.76
1846.176,19.625,2,11865.33042,12.54
1946.47,19.66666667,2,12095.92569,13.44
1450.863,19.16666667,1,218.4625,11.1
2056.663,19.625,2,13093.48958,12.66
3142.193,19.5,1,2417.313611,14.98
1851.654,19.625,2,11103.95847,12.74
2006.38,17.41666667,2,12973.47875,13.36
1840.887,19.58333333,2,10255.39667,12.22
1791.27,19.625,2,11077.60306,13.42
1891.614,19.71428571,2,11415.87014,12.82
1928.613,19.71428571,2,11679.00264,13.52
1676.23,19.625,2,9562.509306,11.6
1801.524,19.625,2,11564.57889,11.46
1996.163,19.55555556,2,12096.08903,11.98
1691.227,19.57142857,2,10164.40958,13.52
1831.297,18.625,2,10201.79319,11.08
1931.147,18.71428571,2,11368.59708,11.46
1841.346,18.71428571,2,11024.45208,13.52
1815.977,18.625,2,10678.30667,13.3
1795.86,18.5,2,9651.905139,11.04
1836.15,18.625,2,10173.05125,11.32
1741.47,18.75,2,10311.43653,12.56
4532.086,13.8125,2,17964.84431,19.24
1858.28,18.84,2,10986.18611,12.58
1835.733,18.77777778,2,10188.14792,10.28
1911.327,18.625,2,11056.96417,13.18
1700.707,18.57142857,2,9170.652778,12.5
1805.896,18.88888889,2,10468.72639,11.06
1831.62,19.625,2,10002.37181,11.34
1811.497,18.75,2,9725.636389,11.38
1820.73,18.625,2,10337.27917,16.78
1805.91,18.625,2,10090.91306,12.74
1741.43,18.55555556,2,9341.028056,10.88
1806.186,17.41666667,2,11335.48847,14.52
1821.193,18.625,2,11348.15347,14.42
1756.047,18.71428571,2,10793.75097,13.18
1820.977,18.71428571,2,11327.28583,15.46
1356.34,19,2,9381.781389,14.54
1800.823,19,2,11374.73042,14.04
1780.987,18.625,2,11556.32181,14.04
1941.07,18.71428571,2,10967.71042,16.8
1795.863,18.57142857,2,10459.44806,14.74
1911.063,18.625,2,11790.44458,13.48
1865.857,17.9,2,12132.61986,17.04
1916.59,20.75,2,11959.05625,13.32
1730.777,22.75,2,9467.263472,12.64
1886.21,16.42857143,2,11843.55986,14.672
1881.113,18.75,2,11528.34361,14.56
1820.76,18.625,2,11170.95167,13.2
1806.4,18.75,2,10997.69306,11.54
1846.367,18.33333333,2,11366.32347,13.86
1846.426,17.16666667,2,10471.69375,13.98
4227.213,14,2,16849.71778,29.44
3943.307,13.6875,2,16844.21042,24.46
3943.787,13.6875,2,16375.97403,23.56
3999.273,14,2,16107.21431,16.26
4029.907,13.8125,2,18951.41431,15.02
3602.513,16,2,13093.13694,22.4
3602.78,9.8,2,7636.056111,25
2957.073,12.2,2,5677.591806,24.36666667
4218.026,13.8,2,19091.20486,24.1
4423.337,14.9375,2,19295.3525,27.3
4348.014,11,2,27456.00528,25.7
3817.67,15.76923077,1,2626.063931,21.63333333
3421.433,17,1,2782.649167,22.93333333
3637.4,17.21428571,2,27257.65042,23.8
3607.543,13.21428571,2,26078.29597,19.96666667
3537.343,15.28571429,1,3155.640611,17
3412.187,15.28571429,1,2216.041764,17.03333333
3867.843,15.07142857,2,13883.66389,17.8
5073.56,10.55,2,19190.41069,19.7
4803.233,11.83333333,1,2168.087917,21.9
6379.473,10.47826087,1,2186.709556,18.53333333
4663.486,11.52941176,2,20735.12014,15.1
3987.58,12.78571429,1,1771.7,15.93333333
3802.547,10.2,2,14058.01389,14.2
4517.41,11.125,1,1884.495972,12.53333333
3312.35,11.08333333,1,1902.767111,16.56666667
3763.68,10.30769231,2,7642.12875,20.33333333
3558.057,13,1,1135.145958,24.36666667
5014.527,10.17647059,1,1417.820389,18.9
5264,10.16666667,2,9679.93625,24.03333333
3603.64,9.916666667,1,1063.914917,24.56666667
3957.73,10.57142857,1,1094.519097,19.96666667
6009.28,11,2,16338.67708,23.5
4848.227,11.17647059,1,1657.058611,38
5403.923,11.8,1,2423.123514,12.26666667
5483.857,14.19047619,2,24823.07639,19.2
4893.243,15.66666667,1,2728.116889,22.93333333
5293.84,12.95238095,1,2692.006042,21.23333333
5253.657,11.65,2,20100.485,24.53333333
4903.973,17.3125,1,2904.385361,26.3
6580.3,16.375,2,24148.97681,22.56666667
7930.36,16.72727273,2,27915.30264,25.56666667
4267.7,16.73333333,1,2665.605375,23.63333333
5418.794,11,2,11000.10528,22.86666667
4778.46,11.3125,1,1494.307681,22
4067.764,12,1,1935.165736,21.16666667
4492.98,11.625,2,11453.02708,16.9
7434.694,12.48148148,1,2538.101819,25.83333333
4643.253,9.789473684,2,11155.47319,20.9
5458.863,10.5,1,1482.53575,20.56666667
4503.023,10.0625,2,11591.79167,20.56666667
3817.793,12.46153846,2,11072.82097,25.06666667
4388.096,13,1,2000.839375,21.93333333
4482.937,12.5,2,11359.1,25.26666667
4358.136,10.46666667,2,11683.33764,13.63333333
3602.453,11.30769231,2,6892.957361,17.66666667
5003.407,12.66666667,1,830.999125,24.86666667
3632.493,14,2,20239.22875,20.36666667
4823.637,11.94117647,1,1502.297681,11.23333333
4127.454,13,1,1681.125319,18.56666667
5098.743,12.78947368,1,1971.146056,16.7
5043.66,12.11111111,2,12836.57681,15.6
4267.953,13.26666667,1,1534.188278,16.3
3962.93,15.5,1,2068.251972,25.56666667
4352.87,10.125,2,13574.56208,14
5613.887,11.61904762,1,3299.470861,22.06666667
3602.453,13,1,2307.675958,24.53333333
3597.593,10.06666667,2,11379.60083,19.86666667
5614.294,12.14285714,1,2014.409181,22.33333333
5163.557,14.05263158,2,23640.89458,28
4828.65,11.84210526,1,2070.594181,18.9
4463.11,13.38888889,2,18084.95306,23.73333333
4352.92,11.25,2,14501.38264,15.83333333
5003.25,12.44444444,1,2146.492222,20.33333333
4574.35,13.64705882,2,16847.35861,20.3
5526.44,14.10526316,1,2060.340069,22.6
4913.21,11.5,2,15754.84625,23.6
4483.293,10.29411765,2,16227.18597,18.93333333
8166.133,13.13333333,1,3670.357514,30.9
6550.123,14.54166667,2,29797.46056,27.63333333
6904.99,10.68,2,24073.57875,16.06666667
5859.266,11.27272727,2,25904.84736,22.46666667
6699.65,13.24,1,3556.152417,18.8
5493.87,15.10526316,2,19135.20181,23.6
4968.384,12.44444444,2,17618.18208,24.33333333
5219.074,13.52631579,1,2427.935569,18.1
5003.47,14.76470588,2,12525.85264,26.13333333
5408.937,11.57142857,2,25141.86944,28.2
5294.073,13,1,2807.838556,23.6
4495.9,15.6875,2,18169.12236,25
4863.376,10.22727273,2,18732.51917,21.8
4903.007,10.78947368,2,19443.4875,20.63333333
5363.71,11.85,1,1778.985958,24.03333333
5253.58,10.31578947,2,17728.365,24.73333333
5394.47,13.15789474,1,610.65575,24.9
5038.29,9.6,1,912.4012917,26.46666667
4183.113,9.727272727,2,5897.405694,27.83333333
5253.473,10.92,2,24220.31083,22.73333333
4398.017,10.26666667,2,15613.83861,17.5
5063.907,10.83333333,2,15944.52806,20.93333333
2855.877,10.33333333,2,11279.67347,22.2
5214.027,10.94736842,1,1896.124139,16.96666667
4928.407,9.653846154,1,737.0134722,26.9
7359.947,10.13793103,2,25316.80556,21.33333333
4363.18,10.6,1,66.71198611,20.06666667
5639.434,10.9,2,19015.13681,16.6
5318.82,11.72222222,1,2620.699583,22.9
5063.393,11,2,19062.98986,23.82
4968.327,11.11764706,2,18590.10667,22.92
4213.11,10.5,2,5799.73625,22.72
3557.373,10.6,1,195.0034722,30.92
3367.324,10.5,2,2357.949583,36.04
3137.36,10.42857143,1,246.6024722,24.82
3307.273,10.4375,2,2859.198056,12.14
5058.647,10.40909091,1,100.1571528,12.28
3197.55,10.35714286,2,2319.342917,15.64
3362.743,9.571428571,2,1938.644861,35.78
8796.48,10.67647059,1,2694.500736,18.56
4637.9,11.0625,2,20951.30847,23.92
5253.617,11,2,16588.22667,24.4
5007.47,14.16470588,2,12595.85264,25.43333333
4275.7,16.63333333,1,2615.605375,24.03333333
1788.86,19.1,2,9631.905139,11.44
4091.5,15.1,2,34391.64222,18.6
3559.057,12.2,1,1225.145958,24.46666667
3611.453,12.4,1,2307.675958,25.13333333
4912.21,12.3,2,15784.84625,24.3
1970.897,13.84444444,1,3001.032917,12.72
1686.247,19,1,3725.897083,12.92
1847.346,19.41428571,2,10994.45208,14.02
1801.047,19.02941176,2,10568.09514,13.58
3876.843,14.97142857,2,13953.66389,17.1
4498.98,10.825,2,11503.02708,17.7
2336.66,8.264285714,2,2046.276111,15
2327.66,9.164285714,2,1966.276111,15.1
4902.973,18.1125,1,2854.385361,26.9
6032.84,12.68461538,2,17064.77361,18.94
5476.857,13.79047619,2,24893.07639,18.6
5346.58,13.14444444,1,18365.81583,22.34
1850.346,18.81428571,2,10954.45208,12.82
1809.33,18.7,2,11909.76097,14.62
1808.033,18.23846154,2,10866.39139,12.04
1741.43,18.15555556,2,9371.028056,11.78
4899.973,17.0125,1,2854.385361,26.2
3541.343,14.38571429,1,3135.640611,17.5
2964.073,12.6,2,5747.591806,24.46666667
3942.307,14.5875,2,16924.21042,25.06
2854.877,10.83333333,2,11259.67347,22
1774.987,19.425,2,11626.32181,14.94
4094.5,15.3,2,34391.64222,19
1764.277,19.525,2,12179.5875,16.42
5362.71,12.75,1,1738.985958,24.13333333
1807.497,18.15,2,9665.636389,11.78
1684.23,20.125,2,9472.509306,11.6
1777.333,19.825,2,10788.26792,12.2
1800.033,17.93846154,2,10906.39139,10.64
1934.07,19.41428571,2,10927.71042,17.1
4260.953,12.56666667,1,1474.188278,16.5
1817.193,19.425,2,11358.15347,15.12
1818.977,18.91428571,2,11377.28583,14.56
3200.55,9.657142857,2,2319.342917,16.24
5363.71,11.15,1,1848.985958,24.43333333
1747.437,19.525,2,10813.29958,14.42
1815.977,19.525,2,10628.30667,13.5
1943.07,18.21428571,2,10907.71042,17.6
5290.073,13.9,1,2767.838556,23.4
5416.937,12.27142857,2,25151.86944,28.1
1918.59,19.95,2,11979.05625,12.72
1967.84,14.31111111,2,5566.544167,11.5
5009.407,12.06666667,1,890.999125,24.86666667
2012.38,17.11666667,2,12913.47875,13.16
1816.06,20.56666667,2,11714.67556,15.02
1896.1,20.07142857,2,13144.37278,15.68
1850.426,17.26666667,2,10471.69375,13.08
3950.787,12.8875,2,16375.97403,23.96
3864.843,14.77142857,2,13893.66389,18.1
3633.4,17.11428571,2,27197.65042,23.2
5414.794,10.4,2,11080.10528,22.56666667
1881.113,19.35,2,11548.34361,13.86
1730.777,22.85,2,9407.263472,13.24
4269.7,16.43333333,1,2595.605375,24.03333333
2005.38,17.01666667,2,12883.47875,13.46
1814.97,16.43043478,1,7262.194583,13.66
6010.28,10.1,2,16348.67708,23.4
1804.047,19.72941176,2,10648.09514,13.28
6370.473,9.57826087,1,2126.709556,18.43333333
1921.59,20.05,2,11949.05625,13.92
5455.863,10.6,1,1412.53575,21.46666667
1950.07,18.21428571,2,10977.71042,17.7
1750.047,18.71428571,2,10803.75097,12.58
4665.486,11.52941176,2,20765.12014,16
4219.213,14,2,16879.71778,29.64
4870.376,9.527272727,2,18782.51917,22.6
1678.247,18.6,1,3775.897083,14.02
4511.41,11.225,1,1804.495972,11.93333333
1802.623,14.26363636,2,4312.207778,12.4
8158.133,13.13333333,1,3590.357514,31.8
1800.823,19.7,2,11334.73042,13.24
1846.176,20.225,2,11775.33042,12.64
1828.193,18.625,2,11308.15347,14.22
5985.697,16.81428571,2,17776.64972,23.14
4763.527,13.83333333,2,34777.1475,19.16
3958.73,11.07142857,1,1044.519097,19.86666667
4346.87,9.825,2,13644.56208,13.1
6576.3,16.475,2,24118.97681,23.06666667
3560.057,13.2,1,1145.145958,24.76666667
4209.026,13.9,2,19041.20486,23.5
4390.096,12.8,1,1940.839375,21.03333333
1793.823,19.3,2,11424.73042,14.44
5412.937,11.77142857,2,25061.86944,28.4
4975.384,12.84444444,2,17618.18208,24.93333333
3800.547,9.5,2,14068.01389,13.5
5284.84,12.55238095,1,2612.006042,20.53333333
3760.68,11.10769231,2,7712.12875,20.53333333
5253.58,10.41578947,2,17718.365,25.53333333
5262.617,10.3,2,16628.22667,23.7
4210.026,13.7,2,19011.20486,24.2
5982.697,16.21428571,2,17846.64972,21.94
4511.023,10.8625,2,11511.79167,21.06666667
1786.86,18.9,2,9721.905139,10.34
3551.373,10.2,1,125.0034722,30.52
3307.273,11.1375,2,2939.198056,12.94
1877.113,18.65,2,11578.34361,14.56
5023.527,9.676470588,1,1327.820389,18.7
4510.023,9.1625,2,11501.79167,21.06666667
4467.11,12.48888889,2,18084.95306,24.13333333
3599.78,9.2,2,7636.056111,25
4523.086,13.1125,2,17954.84431,19.44
3422.433,17.5,1,2782.649167,23.03333333
1822.193,17.825,2,11378.15347,14.72
1836.297,18.625,2,10121.79319,11.48
4760.527,14.23333333,2,34787.1475,18.76
4898.243,15.26666667,1,2678.116889,23.43333333
6546.123,14.94166667,2,29797.46056,27.93333333
3143.193,20.4,1,2337.313611,15.58
1860.654,19.025,2,11033.95847,12.44
1814.193,18.225,2,11418.15347,13.72
1793.033,18.33846154,2,10956.39139,11.14
3803.547,10.3,2,14038.01389,13.4
3986.58,12.98571429,1,1731.7,16.63333333
1818.28,19.13636364,2,11461.65083,11.48
7355.947,10.33793103,2,25346.80556,21.33333333
4996.25,12.74444444,1,2236.492222,19.53333333
3637.4,17.51428571,2,27167.65042,24.6
1803.33,18,2,11999.76097,15.12
3861.843,14.97142857,2,13863.66389,17.9
3954.93,16.2,1,2068.251972,26.36666667
1797.33,20.025,2,11140.47958,11.58
1847.654,19.725,2,11173.95847,12.44
1752.437,19.225,2,10913.29958,13.92
4908.973,16.6125,1,2894.385361,25.5
3307.35,11.38333333,1,1852.767111,16.36666667
1875.86,19.25,2,12080.28319,13.18
5456.863,10.5,1,1562.53575,20.46666667
5048.66,11.51111111,2,12896.57681,16.2
3755.68,10.30769231,2,7642.12875,20.13333333
1769.333,19.425,2,10808.26792,10.8
4495.9,14.8875,2,18219.12236,24.1
3866.843,14.67142857,2,13923.66389,17.4
5319.82,11.72222222,1,2580.699583,22
3947.787,12.8875,2,16375.97403,23.46
4787.46,11.3125,1,1574.307681,22.1
4397.017,10.76666667,2,15623.83861,17
1941.07,18.91428571,2,11007.71042,17.4
4527.086,13.8125,2,17954.84431,18.64
6691.65,13.34,1,3526.152417,19.6
5974.697,16.31428571,2,17876.64972,22.44
5258.617,10.9,2,16648.22667,25.3
5051.647,11.20909091,1,130.1571528,12.08
3565.373,10.1,1,185.0034722,30.12
1765.167,19.66666667,2,10897.42542,14.8
1697.707,18.07142857,2,9090.652778,12.3
1793.863,18.67142857,2,10509.44806,14.64
3191.55,10.85714286,2,2339.342917,14.84
1803.203,19.01428571,2,11968.19972,11.32
1807.497,18.45,2,9715.636389,11.28
1838.176,18.825,2,11855.33042,13.24
2013.38,17.21666667,2,12933.47875,13.36
5062.393,11,2,19112.98986,24.62
5991.697,16.41428571,2,17856.64972,23.04
6038.84,13.78461538,2,17114.77361,18.94
7441.694,11.88148148,1,2498.101819,25.93333333
4356.014,11.4,2,27536.00528,25.9
5246.473,11.82,2,24150.31083,22.33333333
5294.84,13.55238095,1,2702.006042,20.93333333
7433.694,12.38148148,1,2608.101819,25.33333333
3143.193,19.1,1,2487.313611,14.28
3957.73,9.871428571,1,1124.519097,20.26666667
4488.937,12.8,2,11359.1,24.86666667
1875.113,17.85,2,11468.34361,13.86
3601.543,14.11428571,2,26038.29597,19.26666667
3986.58,13.48571429,1,1751.7,16.83333333
4489.937,11.8,2,11369.1,24.66666667
4908.007,11.38947368,2,19443.4875,20.63333333
4464.11,14.28888889,2,18064.95306,23.93333333
1937.07,19.31428571,2,10907.71042,17.5
1827.733,18.07777778,2,10238.14792,9.48
2002.38,17.91666667,2,13013.47875,12.66
1748.047,17.81428571,2,10793.75097,12.68
1854.654,20.525,2,11053.95847,13.24
1686.247,19.5,1,3745.897083,12.52
5159.557,14.85263158,2,23560.89458,28.7
1935.66,20.3,2,11218.91139,10.86
4919.407,9.753846154,1,737.0134722,26.5
5638.434,10.9,2,19015.13681,17.3
1831.887,20.08333333,2,10215.39667,12.42
5073.56,11.05,2,19250.41069,19.9
5012.407,13.36666667,1,880.999125,25.66666667
1811.97,15.43043478,1,7222.194583,13.26
1836.733,18.77777778,2,10248.14792,9.98
2952.073,12.6,2,5617.591806,24.16666667
4220.11,9.8,2,5799.73625,22.82
1831.887,19.38333333,2,10275.39667,12.82
3636.773,14.12307692,2,17295.69278,22.66
4501.98,11.525,2,11503.02708,16.9
3603.513,15.9,2,13063.13694,22
1840.426,17.16666667,2,10551.69375,14.88
4354.014,11,2,27376.00528,26.3
1898.1,18.97142857,2,13134.37278,16.38
1817.497,19.65,2,9755.636389,10.48
5408.937,11.07142857,2,25121.86944,27.9
1832.887,20.18333333,2,10255.39667,12.32
1974.897,14.04444444,1,3131.032917,12.42
1801.823,18.2,2,11464.73042,13.14
5460.863,10.1,1,1522.53575,19.96666667
1790.27,19.225,2,11117.60306,13.92
1843.887,20.38333333,2,10335.39667,11.32
2008.38,17.21666667,2,12923.47875,12.86
3417.187,14.48571429,1,2226.041764,17.03333333
1840.15,19.525,2,10263.05125,11.52
1758.277,18.925,2,12119.5875,15.62
8163.133,13.33333333,1,3670.357514,31.3
3536.343,16.18571429,1,3105.640611,16.9
2693.73,19.1,2,7772.309167,16.62
8166.133,13.93333333,1,3740.357514,31.6
4841.227,11.07647059,1,1617.058611,37.4
4207.11,10.1,2,5889.73625,23.02
4188.113,9.027272727,2,5867.405694,27.03333333
1827.32,20.15555556,2,11655.85347,14.3
5644.434,11.8,2,18995.13681,16.8
1830.79,20.025,2,11226.79056,11.734
1784.27,19.725,2,11007.60306,13.22
1839.176,18.825,2,11815.33042,12.64
1805.783,18.15,2,10838.71528,11.3
8166.133,13.13333333,1,3750.357514,30.6
6585.3,15.675,2,24118.97681,21.86666667
1871.31,18.97142857,2,11306.93944,14.32
1796.863,19.27142857,2,10479.44806,14.74
5368.71,11.85,1,1748.985958,23.23333333
1762.047,18.21428571,2,10723.75097,13.38
3312.273,10.0375,2,2859.198056,12.14
1832.79,20.125,2,11346.79056,10.434
2863.877,9.533333333,2,11369.67347,22.2
1840.733,19.07777778,2,10148.14792,11.18
1782.333,20.525,2,10778.26792,10.8
1891.614,18.91428571,2,11465.87014,12.42
1815.047,19.02941176,2,10518.09514,14.48
4796.233,11.53333333,1,2198.087917,21.3
4263.953,13.36666667,1,1604.188278,15.7
4640.253,9.789473684,2,11175.47319,21
4757.527,13.93333333,2,34777.1475,18.06
6899.99,9.98,2,23993.57875,16.76666667
1988.163,19.55555556,2,12106.08903,11.58
4175.113,9.227272727,2,5877.405694,27.23333333
1810.497,19.55,2,9655.636389,12.18
1836.15,17.825,2,10233.05125,12.22
6379.473,10.97826087,1,2256.709556,17.63333333
2951.073,12.9,2,5597.591806,23.46666667
1798.783,19.25,2,10828.71528,10.7
4631.9,10.7625,2,20881.30847,23.62
1920.613,19.11428571,2,11609.00264,13.52
6037.84,13.48461538,2,17094.77361,18.54
4489.937,12.1,2,11329.1,24.46666667
6017.28,11.4,2,16328.67708,23.7
4822.65,10.94210526,1,2020.594181,19.2
1807.06,20.06666667,2,11694.67556,13.52
1801.33,17.6,2,11949.76097,14.52
3367.324,10.3,2,2417.949583,36.84
5049.647,11.20909091,1,170.1571528,13.08
4211.026,13.6,2,19061.20486,24.1
1804.047,19.02941176,2,10508.09514,13.88
4088.5,14.2,2,34351.64222,18.8
4937.407,10.45384615,1,697.0134722,27.2
3937.787,14.3875,2,16425.97403,23.56
3799.547,10.1,2,14088.01389,15.1
4210.026,14.3,2,19091.20486,24.8
3599.453,11.50769231,2,6822.957361,18.16666667
1814.28,19.63636364,2,11531.65083,10.38
1828.73,18.325,2,10387.27917,16.78
1827.463,19.225,2,11036.76153,12.92
3826.793,12.86153846,2,11152.82097,25.96666667
4503.023,10.4625,2,11631.79167,20.66666667
3948.73,10.67142857,1,1144.519097,20.06666667
3793.547,9.6,2,14038.01389,13.7
3426.433,17.4,1,2752.649167,23.73333333
1818.5,18.87142857,2,9994.404028,13.52
8174.133,13.73333333,1,3740.357514,30.6
1805.203,19.31428571,2,11858.19972,11.42
4963.327,12.01764706,2,18520.10667,22.22
1799.823,18.6,2,11444.73042,13.14
4931.407,8.953846154,1,757.0134722,26.3
1759.277,20.025,2,12109.5875,15.52
8791.48,10.27647059,1,2744.500736,17.76
4530.086,13.9125,2,17964.84431,19.94
1811.28,19.93636364,2,11371.65083,10.18
4068.764,11.8,1,1955.165736,21.46666667
4960.384,12.14444444,2,17658.18208,24.33333333
5082.56,9.65,2,19140.41069,20
1823.73,18.825,2,10257.27917,16.58
5013.527,9.576470588,1,1477.820389,19.3
1911.063,19.225,2,11760.44458,13.48
4499.023,9.6625,2,11601.79167,19.66666667
1798.186,17.31666667,2,11295.48847,14.62
4391.017,10.76666667,2,15683.83861,17.1
2339.66,9.364285714,2,1936.276111,14.4
3594.593,9.566666667,2,11329.60083,19.96666667
4959.384,11.84444444,2,17538.18208,23.53333333
4423.337,14.1375,2,19235.3525,27.1
1848.176,18.825,2,11795.33042,12.24
2048.663,20.225,2,13103.48958,13.16
5252.657,11.95,2,20060.485,24.43333333
1811.186,17.41666667,2,11305.48847,14.82
1885.1,19.57142857,2,13124.37278,15.58
3628.773,14.72307692,2,17305.69278,22.66
1816.5,19.47142857,2,9994.404028,13.52
7927.36,17.22727273,2,27885.30264,25.56666667
4502.9,15.5875,2,18079.12236,24.8
4645.253,9.189473684,2,11155.47319,20.2
1802.823,19.1,2,11464.73042,14.04
4354.87,10.425,2,13494.56208,13.4
4969.327,11.51764706,2,18620.10667,23.02
3310.273,10.3375,2,2829.198056,12.64
6042.84,14.28461538,2,17144.77361,19.04
1922.613,19.01428571,2,11639.00264,13.52
5255.58,10.41578947,2,17648.365,23.83333333
1886.21,16.42857143,2,11793.55986,14.672
1753.047,19.11428571,2,10823.75097,13.58
1799.127,17.81666667,2,11057.32931,12.22
4344.014,11,2,27366.00528,25.1
5253.617,10.1,2,16518.22667,24.7
1928.66,19.9,2,11328.91139,10.56
1448.863,18.46666667,1,208.4625,10.7
1866.28,18.74,2,10936.18611,12.38
3365.324,10,2,2277.949583,36.34
5254.657,10.95,2,20010.485,24.53333333
4497.9,15.9875,2,18109.12236,24.8
5517.44,14.30526316,1,2080.340069,21.7
1797.33,19.725,2,11140.47958,11.58
1874.753,19.55555556,2,11779.97264,13.32
1916.59,20.05,2,11979.05625,14.12
4781.46,12.0125,1,1474.307681,22.8
2004.38,17.01666667,2,12933.47875,14.06
4961.39,16.45294118,1,14835.815,15.18
1917.66,20,2,11258.91139,10.96
1747.167,19.96666667,2,10827.42542,13.3
5160.557,14.55263158,2,23690.89458,28
4515.41,11.225,1,1954.495972,12.73333333
1870.753,19.45555556,2,11829.97264,12.42
7933.36,16.62727273,2,27855.30264,25.96666667
5103.743,13.68947368,1,2051.146056,17.3
4360.92,10.95,2,14451.38264,15.23333333
6696.65,13.94,1,3506.152417,19.6
3825.67,16.16923077,1,2586.063931,21.53333333
4416.337,15.8375,2,19235.3525,26.9
1807.4,19.45,2,10907.69306,11.54
1846.426,17.16666667,2,10431.69375,14.48
5980.697,15.91428571,2,17816.64972,22.64
4265.953,13.26666667,1,1464.188278,16.7
1886.113,18.35,2,11468.34361,13.86
5218.074,14.22631579,1,2367.935569,18.1
4265.7,16.63333333,1,2585.605375,22.73333333
1824.32,19.75555556,2,11815.85347,13.1
3594.513,15.9,2,13033.13694,22.6
3320.35,11.48333333,1,1942.767111,17.46666667
4631.9,10.4625,2,20981.30847,23.12
1842.887,18.88333333,2,10215.39667,12.72
3825.67,16.46923077,1,2586.063931,20.83333333
3987.58,13.08571429,1,1771.7,16.13333333
2002.163,18.65555556,2,12066.08903,12.18
5500.87,15.80526316,2,19195.20181,24
4036.907,13.8125,2,18991.41431,15.62
3551.057,12.6,1,1105.145958,24.56666667
5318.82,10.92222222,1,2620.699583,23.4
8160.133,13.93333333,1,3740.357514,31.6
4934.407,8.953846154,1,747.0134722,27
4344.92,10.55,2,14411.38264,15.03333333
5165.557,13.75263158,2,23710.89458,27.3
3418.187,15.88571429,1,2236.041764,16.63333333
4998.25,11.54444444,1,2086.492222,20.73333333
1774.333,19.525,2,10848.26792,11.1
2059.663,19.225,2,13143.48958,11.96
4493.98,11.525,2,11493.02708,17.7
1790.783,17.95,2,10788.71528,12
1884.86,18.35,2,12160.28319,13.58
4503.023,9.5625,2,11511.79167,21.26666667
4959.327,10.51764706,2,18630.10667,23.42
4902.007,10.28947368,2,19463.4875,21.33333333
3196.55,10.85714286,2,2249.342917,15.34
1895.21,16.42857143,2,11763.55986,14.372
3604.78,9.4,2,7596.056111,25.9
4183.113,10.02727273,2,5827.405694,27.03333333
3306.273,9.6375,2,2829.198056,11.84
2012.38,17.51666667,2,13023.47875,13.06
1875.86,18.35,2,12180.28319,12.38
3820.67,16.46923077,1,2536.063931,20.73333333
1872.86,19.65,2,12150.28319,12.78
1822.297,18.625,2,10261.79319,10.98
3632.493,14.5,2,20249.22875,20.66666667
4217.026,14.3,2,19171.20486,23.4
1867.753,18.65555556,2,11749.97264,12.72
1804.203,18.81428571,2,11808.19972,11.42
1786.863,19.17142857,2,10519.44806,14.64
4966.327,10.31764706,2,18590.10667,23.72
5425.794,10.8,2,11040.10528,22.66666667
4775.46,11.7125,1,1564.307681,22.5
1725.987,19.025,2,10414.73319,12.44
1899.1,20.07142857,2,13164.37278,16.08
2338.66,8.264285714,2,1906.276111,15.7
1806.896,18.38888889,2,10558.72639,11.36
1839.426,18.06666667,2,10561.69375,14.28
1740.47,18.05,2,10321.43653,13.36
4400.017,9.366666667,2,15603.83861,18.4
5001.47,14.26470588,2,12485.85264,25.93333333
4346.92,10.95,2,14561.38264,15.33333333
5459.863,11.2,1,1482.53575,20.56666667
2688.73,19.1,2,7802.309167,17.62
5219.074,13.92631579,1,2447.935569,17.4
3769.68,10.10769231,2,7562.12875,20.23333333
1868.86,18.75,2,12150.28319,12.58
1689.247,19.1,1,3725.897083,13.42
1797.863,19.17142857,2,10459.44806,15.44
1947.07,18.21428571,2,10917.71042,16.7
1793.783,18.85,2,10698.71528,11
1854.176,18.925,2,11935.33042,13.14
3963.93,15.6,1,2058.251972,24.96666667
1857.13,19.325,2,11082.36722,14.78
1723.777,22.55,2,9557.263472,12.84
1866.28,19.24,2,11056.18611,13.18
1937.147,18.81428571,2,11278.59708,10.66
3603.41,14.42222222,2,16488.56903,17.52
1811.06,20.06666667,2,11564.67556,13.32
6033.84,12.48461538,2,17114.77361,18.34
5369.71,11.25,1,1838.985958,24.43333333
8794.48,10.67647059,1,2674.500736,17.66
1821.977,17.91428571,2,11287.28583,14.96
4509.023,9.9625,2,11531.79167,20.16666667
1828.733,19.07777778,2,10208.14792,10.58
5623.294,12.74285714,1,2064.409181,21.53333333
5312.82,12.52222222,1,2570.699583,23.5
1839.15,19.025,2,10163.05125,11.72
1832.346,18.71428571,2,10974.45208,13.02
5386.47,13.35789474,1,630.65575,25.3
4823.637,12.14117647,1,1452.297681,12.13333333
1742.47,18.25,2,10221.43653,12.56
4637.9,10.7625,2,20871.30847,24.22
3608.513,16.3,2,13013.13694,21.7
1851.426,17.66666667,2,10481.69375,14.28
1833.887,19.38333333,2,10175.39667,12.02
3593.453,10.60769231,2,6982.957361,17.86666667
4245.056,14.1,1,45456.71028,17.86
4778.46,11.0125,1,1454.307681,22.2
1817.977,18.11428571,2,11237.28583,15.56
3953.73,10.47142857,1,1084.519097,19.66666667
5162.557,13.65263158,2,23720.89458,27.4
1798.623,14.26363636,2,4392.207778,12.3
1854.654,19.425,2,11163.95847,12.94
7930.36,17.12727273,2,27955.30264,25.56666667
1783.987,17.825,2,11486.32181,13.64
7435.694,12.08148148,1,2588.101819,25.43333333
5156.557,13.45263158,2,23690.89458,27.6
1852.13,20.025,2,11092.36722,14.68
3130.36,10.12857143,1,246.6024722,24.62
1875.113,18.75,2,11498.34361,15.06
1730.777,22.15,2,9537.263472,12.04
5099.743,13.48947368,1,1891.146056,16.5
4833.65,12.64210526,1,2010.594181,18.6
1821.73,17.825,2,10367.27917,16.68
5479.857,14.19047619,2,24893.07639,18.5
5291.073,13.3,1,2717.838556,24
6371.473,10.27826087,1,2136.709556,17.73333333
3943.307,13.2875,2,16774.21042,23.66
1798.453,19.425,2,10715.93472,11.66
3565.057,13.5,1,1115.145958,24.16666667
5211.027,10.14736842,1,1856.124139,17.56666667
2855.877,10.13333333,2,11349.67347,22.2
4219.026,13.9,2,19121.20486,23.5
1846.426,17.96666667,2,10441.69375,14.38
1822.193,17.925,2,11438.15347,14.02
6585.3,16.775,2,24098.97681,22.86666667
4907.007,11.18947368,2,19383.4875,20.13333333
4826.65,12.54210526,1,2130.594181,19.8
4467.11,13.88888889,2,18084.95306,24.63333333
3948.73,10.57142857,1,1094.519097,19.96666667
1816.5,19.57142857,2,10084.40403,12.82
1775.277,19.025,2,12089.5875,16.92
1844.887,19.38333333,2,10335.39667,12.82
1820.497,18.85,2,9685.636389,10.58
3634.4,16.51428571,2,27177.65042,23.6
5253.657,11.05,2,20130.485,24.53333333
1800.524,19.125,2,11604.57889,12.36
1794.33,19,2,11909.76097,14.22
4119.454,13.2,1,1721.125319,17.66666667
3140.36,11.32857143,1,286.6024722,24.12
4481.937,12.1,2,11279.1,25.06666667
7352.947,9.937931034,2,25276.80556,22.03333333
3826.793,12.26153846,2,11092.82097,25.66666667
1838.297,19.325,2,10281.79319,10.18
2862.877,10.53333333,2,11189.67347,22.9
5860.266,12.07272727,2,25944.84736,23.36666667
5256.617,10.2,2,16638.22667,23.8
3957.73,10.27142857,1,1024.519097,20.56666667
3612.543,13.41428571,2,26118.29597,19.26666667
5249.657,12.35,2,20080.485,25.43333333
4907.21,11.5,2,15704.84625,22.8
2323.66,9.064285714,2,1996.276111,15.6
1933.66,20.1,2,11308.91139,10.56
1932.07,18.61428571,2,11027.71042,17.7
4501.9,16.0875,2,18159.12236,25.4
5502.87,15.10526316,2,19215.20181,23.9
3318.35,11.08333333,1,1822.767111,15.76666667
5264,10.06666667,2,9699.93625,24.03333333
4901.243,15.36666667,1,2728.116889,23.53333333
1865.753,18.95555556,2,11779.97264,13.02
1776.987,18.625,2,11516.32181,14.94
5391.47,13.85789474,1,590.65575,24.5
1748.437,20.225,2,10803.29958,12.72
5332.58,14.04444444,1,18285.81583,22.84
1806.497,19.25,2,9735.636389,11.78
5302.073,12.3,1,2817.838556,23.9
3633.4,16.51428571,2,27267.65042,24.6
1835.463,19.125,2,11066.76153,13.42
3603.78,10.1,2,7636.056111,25
1803.06,19.66666667,2,11704.67556,13.42
5407.923,11.2,1,2473.123514,12.96666667
6579.3,16.175,2,24068.97681,22.06666667
5267,10.56666667,2,9749.93625,23.53333333
4275.953,13.26666667,1,1514.188278,16.1
1848.346,19.31428571,2,11034.45208,12.72
1959.84,14.51111111,2,5456.544167,10.4
1837.176,18.825,2,11815.33042,12.94
3596.41,15.62222222,2,16438.56903,18.52
1756.047,17.91428571,2,10823.75097,13.88
4953.39,16.85294118,1,14695.815,14.88
1921.66,19.1,2,11348.91139,10.06
5518.44,14.10526316,1,2070.340069,23.1
1796.127,18.61666667,2,10927.32931,12.72
6010.28,10.8,2,16248.67708,23.6
1803.033,18.23846154,2,11006.39139,12.14
3764.68,9.607692308,2,7562.12875,20.63333333
1924.613,20.01428571,2,11679.00264,12.72
1836.463,20.025,2,11136.76153,12.72
5009.25,12.84444444,1,2216.492222,20.03333333
1797.27,18.925,2,11157.60306,14.22
4976.384,12.04444444,2,17698.18208,24.13333333
4583.35,13.64705882,2,16857.35861,20.6
2851.877,9.433333333,2,11219.67347,22.5
3632.4,16.31428571,2,27317.65042,23.7
1884.113,18.15,2,11618.34361,14.56
5246.473,10.92,2,24190.31083,22.43333333
2047.663,18.725,2,13133.48958,12.66
3818.67,14.86923077,1,2626.063931,21.23333333
1853.654,18.725,2,11023.95847,11.94
1768.333,19.925,2,10868.26792,10.8
5037.66,13.01111111,2,12796.57681,14.8
1804.4,19.45,2,10977.69306,11.04
8796.48,10.07647059,1,2614.500736,19.26
1877.21,16.02857143,2,11763.55986,13.872
1796.896,19.38888889,2,10378.72639,10.76
5041.29,9.6,1,962.4012917,25.66666667
5051.66,12.71111111,2,12806.57681,15.9
1834.32,19.85555556,2,11695.85347,13.2
4357.87,10.125,2,13564.56208,14.6
1931.147,19.61428571,2,11428.59708,10.86
1816.28,19.63636364,2,11391.65083,10.38
4640.9,10.8625,2,20911.30847,24.32
1815.76,19.225,2,11100.95167,13.1
1808.28,18.93636364,2,11451.65083,11.08
5621.887,11.41904762,1,3309.470861,22.86666667
1819.28,19.63636364,2,11521.65083,10.88
2326.66,8.364285714,2,2026.276111,15
7360.947,10.63793103,2,25276.80556,20.83333333
1909.59,21.55,2,11939.05625,13.32
1806.047,18.62941176,2,10588.09514,13.18
1693.247,19.6,1,3785.897083,14.22
4467.11,13.68888889,2,18004.95306,23.03333333
1917.063,18.525,2,11800.44458,14.18
4388.096,12.4,1,2020.839375,21.03333333
1684.23,20.225,2,9652.509306,11.2
1833.32,18.85555556,2,11745.85347,13.6
3820.67,15.76923077,1,2536.063931,22.23333333
5042.29,9.7,1,912.4012917,26.86666667
4531.086,13.9125,2,17914.84431,19.24
5408.923,12.6,1,2333.123514,12.76666667
1886.21,16.02857143,2,11903.55986,14.072
1840.62,19.025,2,9942.371806,11.84
5983.697,15.91428571,2,17886.64972,22.74
1910.59,20.65,2,11959.05625,13.52
4175.113,9.627272727,2,5897.405694,27.33333333
2338.66,8.464285714,2,1906.276111,14.5
3596.513,16,2,13173.13694,21.8
4263.953,13.86666667,1,1494.188278,15.8
3959.93,14.6,1,2018.251972,26.26666667
5484.87,15.30526316,2,19075.20181,24
4218.026,13.7,2,19121.20486,24.6
4501.9,15.2875,2,18199.12236,24.8
1843.654,19.625,2,11163.95847,12.34
6013.28,11,2,16428.67708,23.9
1878.21,15.92857143,2,11893.55986,13.972
4828.65,10.94210526,1,2030.594181,19.8
4490.98,11.825,2,11543.02708,16
4357.136,10.46666667,2,11603.33764,14.13333333
5365.71,11.45,1,1788.985958,24.03333333
1967.897,14.44444444,1,2991.032917,12.92
1766.277,20.025,2,12059.5875,16.12
4644.253,10.68947368,2,11125.47319,20.7
1731.987,18.725,2,10354.73319,14.04
3305.273,11.0375,2,2849.198056,11.34
5070.393,10.8,2,19112.98986,23.82
1855.176,19.325,2,11885.33042,12.94
5247.657,12.35,2,20130.485,24.43333333
7929.36,16.72727273,2,27835.30264,26.26666667
3970.93,15.1,1,2068.251972,25.06666667
1822.73,18.525,2,10427.27917,17.48
4870.376,9.727272727,2,18732.51917,22.1
1788.86,17.6,2,9621.905139,11.04
1812.28,19.03636364,2,11471.65083,11.48
3641.773,14.02307692,2,17305.69278,23.56
3604.543,13.41428571,2,26018.29597,20.06666667
1823.28,18.93636364,2,11481.65083,10.78
1794.33,18.5,2,11979.76097,14.72
1999.38,17.01666667,2,12923.47875,13.96
8166.133,13.33333333,1,3590.357514,31.3
3372.324,11,2,2277.949583,35.94
4508.023,10.2625,2,11621.79167,20.36666667
1845.346,19.01428571,2,11064.45208,13.22
1801.524,18.825,2,11634.57889,10.96
1816.977,17.725,2,10598.30667,13.1
4865.376,9.627272727,2,18702.51917,21.1
1351.34,19.6,2,9451.781389,13.64
4363.18,9.7,1,146.7119861,19.46666667
1795.783,19.25,2,10708.71528,11.8
1956.84,14.61111111,2,5556.544167,11.6
3533.343,15.78571429,1,3115.640611,17.9
6013.28,10.8,2,16298.67708,23.6
5853.266,11.67272727,2,25934.84736,23.06666667
6690.65,12.94,1,3486.152417,19.4
1831.62,20.225,2,10092.37181,11.54
1789.783,19.05,2,10808.71528,12.1
4869.376,9.527272727,2,18752.51917,20.9
1453.863,19.46666667,1,288.4625,10.8
1927.613,18.91428571,2,11749.00264,14.12
4898.007,11.38947368,2,19443.4875,20.03333333
1877.21,17.12857143,2,11763.55986,15.272
5214.027,10.24736842,1,1896.124139,17.06666667
4918.21,11.8,2,15804.84625,24.3
1817.76,17.925,2,11140.95167,13.5
1802.047,19.72941176,2,10608.09514,13.48
6554.123,14.34166667,2,29787.46056,28.53333333
6553.123,14.54166667,2,29747.46056,27.93333333
1832.887,19.88333333,2,10185.39667,11.32
4911.973,16.4125,1,2884.385361,26
3134.193,19,1,2377.313611,15.68
3195.55,10.45714286,2,2399.342917,16.44
1988.163,18.75555556,2,12146.08903,12.08
3191.55,10.95714286,2,2229.342917,16.24
5043.29,8.8,1,912.4012917,25.86666667
4127.454,12.4,1,1691.125319,19.46666667
1792.823,18.3,2,11314.73042,14.84
4976.384,11.94444444,2,17638.18208,24.13333333
5453.863,9.9,1,1422.53575,20.56666667
1833.887,18.98333333,2,10305.39667,11.62
1978.897,13.74444444,1,3011.032917,12.52
1753.437,19.125,2,10803.29958,13.82
3609.513,16.4,2,13043.13694,22.1
3419.187,14.48571429,1,2176.041764,17.83333333
5303.073,12.7,1,2727.838556,23
3417.187,15.18571429,1,2246.041764,16.33333333
1880.21,16.02857143,2,11923.55986,15.572
1821.28,19.63636364,2,11481.65083,11.28
4135.454,13,1,1651.125319,19.26666667
3606.593,9.166666667,2,11419.60083,19.96666667
1920.327,19.125,2,11016.96417,13.18
5400.47,13.15789474,1,530.65575,25.2
3599.453,13.9,1,2257.675958,23.73333333
6009.28,10.4,2,16388.67708,23.1
4998.407,13.06666667,1,760.999125,25.46666667
1812.977,18.625,2,10718.30667,12.5
1792.524,19.625,2,11484.57889,11.06
1937.613,20.11428571,2,11659.00264,13.12
3948.307,12.8875,2,16814.21042,23.86
1764.047,18.41428571,2,10773.75097,13.78
1911.327,18.925,2,11146.96417,13.48
4968.384,12.84444444,2,17608.18208,23.93333333
3965.93,14.6,1,2158.251972,25.16666667
1748.43,18.75555556,2,9431.028056,10.78
1776.333,19.925,2,10828.26792,11.1
5457.863,9.6,1,1512.53575,20.56666667
1810.33,17.5,2,12029.76097,14.42
5006.47,14.06470588,2,12585.85264,26.83333333
4022.907,14.7125,2,19001.41431,15.12
5038.66,12.41111111,2,12886.57681,16.2
5159.557,14.15263158,2,23720.89458,28.5
1796.127,18.21666667,2,11067.32931,12.42
1746.47,18.95,2,10311.43653,12.96
3139.36,10.42857143,1,306.6024722,25.12
1820.497,18.45,2,9805.636389,10.48
1838.426,17.36666667,2,10411.69375,13.68
3599.41,14.02222222,2,16338.56903,18.82
1739.987,18.725,2,10394.73319,13.84
5341.58,13.54444444,1,18255.81583,22.64
1686.247,19.4,1,3685.897083,14.22
3413.187,15.58571429,1,2246.041764,16.33333333
4781.46,11.1125,1,1514.307681,22.3
6897.99,10.68,2,24103.57875,16.46666667
4772.46,11.8125,1,1584.307681,21.9
4352.92,11.35,2,14501.38264,15.63333333
2047.663,19.725,2,13043.48958,12.46
1828.15,17.925,2,10213.05125,10.52
4418.337,14.0375,2,19325.3525,27.5
4062.764,12.4,1,1875.165736,21.56666667
3986.58,12.78571429,1,1711.7,15.73333333
5617.887,12.11904762,1,3309.470861,22.06666667
1799.97,15.33043478,1,7222.194583,12.06
3551.373,9.7,1,285.0034722,30.42
4492.98,11.625,2,11493.02708,16.7
3364.743,9.471428571,2,2018.644861,36.58
1803.863,18.47142857,2,10419.44806,13.94
1868.86,19.65,2,12070.28319,13.38
4489.293,9.894117647,2,16177.18597,18.93333333
2688.73,18.5,2,7772.309167,17.52
4177.113,10.22727273,2,5837.405694,28.13333333
4186.113,9.227272727,2,5927.405694,28.03333333
1811.06,18.86666667,2,11684.67556,14.12
6383.473,10.97826087,1,2196.709556,18.93333333
3598.453,13.3,1,2247.675958,24.53333333
5630.434,11.4,2,19055.13681,15.9
4772.527,14.03333333,2,34877.1475,18.06
4214.11,11.1,2,5709.73625,22.72
1872.31,19.67142857,2,11256.93944,14.02
4086.5,14.2,2,34301.64222,19.7
1832.733,19.17777778,2,10188.14792,10.98
1805.783,18.55,2,10728.71528,10.8
6372.473,10.67826087,1,2136.709556,18.13333333
1959.84,14.71111111,2,5586.544167,10.6
1807.896,19.08888889,2,10468.72639,10.86
4463.11,13.88888889,2,18094.95306,23.03333333
1819.977,18.225,2,10768.30667,13.9
1799.97,15.93043478,1,7152.194583,12.86
4964.327,10.21764706,2,18590.10667,22.52
8801.48,10.27647059,1,2774.500736,18.96
1807.896,18.78888889,2,10498.72639,11.46
5392.47,14.05789474,1,540.65575,24.9
3315.35,11.08333333,1,1812.767111,16.16666667
3604.453,12.8,1,2237.675958,24.03333333
3949.307,13.4875,2,16884.21042,23.86
1831.733,18.77777778,2,10118.14792,10.08
4031.907,13.8125,2,18931.41431,15.02
3565.373,11.3,1,265.0034722,30.72
1845.13,20.225,2,11132.36722,14.38
4392.096,13.1,1,1910.839375,21.53333333
1778.987,18.025,2,11486.32181,13.34
1803.127,18.21666667,2,11027.32931,13.02
1813.5,18.77142857,2,10024.40403,13.12
4909.21,12.1,2,15774.84625,24.5
4176.113,9.127272727,2,5987.405694,28.13333333
3361.743,9.271428571,2,1918.644861,34.88
5302.84,13.15238095,1,2682.006042,21.53333333
3549.057,13,1,1185.145958,24.66666667
5609.294,11.24285714,1,2024.409181,22.03333333
5497.87,15.40526316,2,19165.20181,23
1879.31,18.97142857,2,11236.93944,13.62
1842.183,18.81428571,2,14676.74347,15.94
1737.777,23.15,2,9487.263472,12.24
3373.324,9.7,2,2407.949583,36.04
2000.38,16.91666667,2,12973.47875,13.56
4921.407,9.153846154,1,787.0134722,26.1
1847.13,19.925,2,11122.36722,15.58
1833.32,19.55555556,2,11715.85347,12.9
3606.64,9.916666667,1,973.9149167,25.36666667
5302.073,13.1,1,2827.838556,23.7
4215.026,14.3,2,19081.20486,23.6
5458.863,11.3,1,1472.53575,21.26666667
1842.244,18.81578947,2,11447.42236,11.82
4382.096,13,1,1940.839375,21.03333333
1350.34,19.9,2,9431.781389,13.64
1890.614,19.91428571,2,11375.87014,13.72
3946.307,13.9875,2,16764.21042,25.06
2011.38,17.91666667,2,13023.47875,14.16
1859.13,18.925,2,11102.36722,14.98
5211.074,14.22631579,1,2477.935569,18
2007.38,17.71666667,2,12883.47875,12.76
5332.58,14.74444444,1,18365.81583,23.64
1793.33,17.4,2,11859.76097,13.92
1880.113,18.15,2,11548.34361,14.36
7361.947,11.03793103,2,25316.80556,21.73333333
4472.11,13.68888889,2,18074.95306,23.73333333
6005.28,10.7,2,16358.67708,23.9
4897.243,15.86666667,1,2818.116889,22.43333333
5072.907,11.43333333,2,15944.52806,21.13333333
1984.897,14.84444444,1,3131.032917,11.22
4267.953,12.66666667,1,1604.188278,17
1787.987,18.625,2,11496.32181,14.94
3610.64,9.416666667,1,1083.914917,24.76666667
1814.76,17.825,2,11240.95167,13.9
3549.057,12.5,1,1055.145958,23.96666667
4909.007,10.58947368,2,19433.4875,21.23333333
4648.253,9.289473684,2,11155.47319,20.2
1807.4,19.05,2,11007.69306,11.54
1822.62,19.825,2,10042.37181,10.54
1836.183,19.71428571,2,14676.74347,16.24
5288.073,12.2,1,2877.838556,23
4633.9,10.4625,2,20881.30847,23.02
1844.183,20.31428571,2,14676.74347,16.44
1850.346,19.61428571,2,10984.45208,12.72
3823.793,12.16153846,2,11142.82097,25.66666667
1935.613,19.01428571,2,11749.00264,13.42
4900.007,10.68947368,2,19463.4875,20.83333333
3815.793,12.96153846,2,11162.82097,25.46666667
5007.407,13.26666667,1,850.999125,24.36666667
1799.623,14.16363636,2,4352.207778,11.9
1803.453,19.825,2,10575.93472,11.76
1855.367,18.23333333,2,11436.32347,14.66
5290.84,13.45238095,1,2652.006042,20.63333333
3628.4,17.71428571,2,27277.65042,24
1814.97,16.73043478,1,7162.194583,12.86
5065.393,11.5,2,19062.98986,22.92
1909.063,18.725,2,11840.44458,14.38
3625.773,13.92307692,2,17275.69278,22.96
1821.79,19.125,2,11386.79056,11.234
4021.907,12.9125,2,18941.41431,14.92
1843.15,19.425,2,10083.05125,12.12
1798.86,17.9,2,9581.905139,10.14
3308.273,10.4375,2,2919.198056,11.64
1795.823,18.9,2,11314.73042,14.94
3864.843,14.37142857,2,13863.66389,18.1
4525.41,11.725,1,1954.495972,13.03333333
4572.35,14.04705882,2,16777.35861,20.8
5400.937,10.67142857,2,25201.86944,28.2
5070.393,10.2,2,19032.98986,24.22
5332.58,13.24444444,1,18225.81583,22.14
1837.15,18.825,2,10113.05125,12.12
1812.97,16.53043478,1,7172.194583,13.16
5303.073,12.2,1,2717.838556,23.6
4579.35,13.34705882,2,16927.35861,20.8
1875.113,19.65,2,11618.34361,15.06
1813.28,19.93636364,2,11381.65083,9.98
1809.97,16.83043478,1,7202.194583,12.16
4026.907,14.7125,2,18861.41431,14.92
3539.343,15.78571429,1,3065.640611,16.2
4919.407,10.45384615,1,677.0134722,26.9
5067.56,11.35,2,19150.41069,20.3
1847.244,17.41578947,2,11437.42236,12.62
5318.82,11.02222222,1,2540.699583,23.4
4344.014,10.5,2,27386.00528,25.2
7922.36,16.72727273,2,27855.30264,26.46666667
6386.473,10.47826087,1,2236.709556,17.63333333
4231.056,14.5,1,45466.71028,16.96
3599.543,13.31428571,2,26038.29597,19.66666667
1780.987,18.325,2,11556.32181,14.24
4665.486,11.12941176,2,20745.12014,15.7
3793.547,10.8,2,14138.01389,14.1
4902.243,15.76666667,1,2688.116889,23.33333333
1824.28,20.53636364,2,11471.65083,9.98
4367.18,11.2,1,66.71198611,19.46666667
1857.28,19.04,2,10996.18611,12.08
1828.193,18.525,2,11328.15347,14.12
3644.4,16.41428571,2,27277.65042,23.3
6547.123,14.54166667,2,29727.46056,27.83333333
3955.93,14.6,1,2118.251972,24.76666667
1953.47,20.06666667,2,12155.92569,13.04
4821.637,11.64117647,1,1562.297681,11.03333333
1805.91,19.525,2,10160.91306,11.84
1698.707,19.47142857,2,9210.652778,12.5
3552.057,13.6,1,1155.145958,23.96666667
1723.777,21.95,2,9517.263472,12.04
1925.66,20.4,2,11198.91139,11.06
4645.9,10.2625,2,20891.30847,23.92
4396.096,13.9,1,1940.839375,21.83333333
1837.367,18.03333333,2,11436.32347,14.06
3640.773,13.42307692,2,17315.69278,22.16
3951.307,13.0875,2,16884.21042,23.66
6011.28,11,2,16338.67708,22.7
1939.147,18.31428571,2,11358.59708,11.16
3557.373,11.4,1,205.0034722,30.42
4129.454,13.6,1,1721.125319,18.26666667
4931.407,9.753846154,1,677.0134722,26.4
3951.787,13.4875,2,16435.97403,23.56
4826.65,12.54210526,1,2020.594181,18.3
4669.486,11.42941176,2,20685.12014,14.3
5420.794,10.2,2,10960.10528,22.16666667
1816.193,19.125,2,11378.15347,14.92
3612.64,10.01666667,1,1113.914917,24.66666667
1802.497,19.45,2,9665.636389,10.68
1874.113,19.15,2,11608.34361,14.26
1723.777,23.45,2,9497.263472,12.34
4770.46,11.0125,1,1494.307681,21.2
4863.376,9.927272727,2,18742.51917,22.2
4354.136,10.96666667,2,11653.33764,13.13333333
4959.384,13.14444444,2,17618.18208,24.83333333
3534.343,15.18571429,1,3145.640611,17
5535.44,13.50526316,1,2060.340069,22.2
1838.346,18.41428571,2,10954.45208,14.32
4898.243,15.26666667,1,2808.116889,22.93333333
5406.923,11.9,1,2463.123514,11.96666667
1845.13,19.325,2,11062.36722,14.68
4963.39,16.35294118,1,14775.815,15.88
3146.36,9.528571429,1,256.6024722,24.02
1680.247,18.9,1,3735.897083,12.62
1815.186,16.61666667,2,11265.48847,14.52
6903.99,11.18,2,24153.57875,16.06666667
1832.733,18.27777778,2,10228.14792,10.08
1693.707,17.77142857,2,9160.652778,12.3
1930.613,19.11428571,2,11659.00264,14.32
4770.527,13.43333333,2,34897.1475,18.26
5611.294,11.34285714,1,1964.409181,21.53333333
1822.28,20.33636364,2,11481.65083,10.58
1935.07,18.21428571,2,10927.71042,17.7
3808.793,13.36153846,2,11032.82097,24.96666667
4898.973,17.2125,1,2934.385361,27.1
5406.937,11.07142857,2,25191.86944,28.2
4274.7,17.63333333,1,2655.605375,23.63333333
4227.213,13.2,2,16759.71778,29.24
6011.28,10.6,2,16308.67708,24
1814.28,19.03636364,2,11531.65083,9.98
6006.28,10.9,2,16338.67708,23.7
1984.897,15.14444444,1,3051.032917,11.52
4000.273,14.3,2,16097.21431,15.36
1459.863,18.76666667,1,248.4625,11.7
1870.857,18.2,2,12162.61986,17.94
4222.213,14,2,16819.71778,29.64
4456.11,13.38888889,2,18054.95306,24.03333333
5206.027,11.54736842,1,1956.124139,16.36666667
3607.64,9.416666667,1,1113.914917,24.76666667
1841.887,19.38333333,2,10265.39667,12.32
1814.4,18.75,2,11067.69306,11.94
3607.64,9.216666667,1,1003.914917,23.86666667
5060.647,10.50909091,1,160.1571528,12.38
1887.614,19.71428571,2,11345.87014,12.82
1802.186,17.31666667,2,11375.48847,14.52
1794.86,18.7,2,9571.905139,11.84
5864.266,11.17272727,2,25934.84736,22.86666667
3599.513,16.6,2,13063.13694,21.6
6697.65,13.44,1,3466.152417,19.7
1852.654,20.025,2,11093.95847,12.04
1868.753,18.95555556,2,11709.97264,13.12
4796.233,12.43333333,1,2078.087917,22.8
4664.486,11.22941176,2,20735.12014,16
4130.454,13.3,1,1651.125319,18.76666667
3128.36,10.72857143,1,316.6024722,25.22
5978.697,15.41428571,2,17866.64972,22.64
1812.91,18.125,2,10140.91306,12.04
5615.887,10.81904762,1,3219.470861,22.16666667
1837.244,17.41578947,2,11537.42236,11.32
4362.18,10.9,1,6.711986111,20.36666667
5228.074,13.12631579,1,2517.935569,17.5
5068.393,10.7,2,19092.98986,23.42
1790.86,19,2,9611.905139,11.84
1819.73,18.025,2,10287.27917,16.58
1782.987,18.625,2,11586.32181,13.24
1730.777,22.85,2,9557.263472,12.54
3636.493,13.7,2,20289.22875,20.76666667
4086.5,15.1,2,34301.64222,18.3
1837.367,18.73333333,2,11336.32347,13.66
1876.31,18.87142857,2,11316.93944,13.52
1829.76,19.225,2,11120.95167,12.3
5337.58,14.84444444,1,18225.81583,23.34
5615.294,12.14285714,1,2024.409181,21.73333333
5335.58,13.44444444,1,18275.81583,22.94
7430.694,12.68148148,1,2448.101819,25.83333333
1691.227,18.67142857,2,10244.40958,13.62
3306.35,10.68333333,1,1912.767111,17.06666667
1889.113,18.65,2,11618.34361,13.76
5418.794,10.2,2,10930.10528,22.76666667
1707.707,18.37142857,2,9120.652778,13.1
4907.007,9.989473684,2,19513.4875,20.53333333
4905.007,10.68947368,2,19463.4875,20.73333333
6041.84,14.18461538,2,17164.77361,17.74
1909.59,21.55,2,11879.05625,12.72
5247.473,11.82,2,24190.31083,22.23333333
1842.463,20.025,2,11126.76153,12.72
4270.7,17.63333333,1,2645.605375,22.83333333
3370.324,11,2,2387.949583,36.54
5008.47,15.16470588,2,12485.85264,25.73333333
1933.147,19.61428571,2,11378.59708,11.46
5050.647,9.909090909,1,80.15715278,13.08
1819.497,19.15,2,9755.636389,10.78
1798.33,18.925,2,11190.47958,12.48
4220.213,13.5,2,16789.71778,29.44
1863.28,19.64,2,10926.18611,12.28
5861.266,11.17272727,2,25824.84736,21.66666667
4579.35,14.04705882,2,16797.35861,19.5
1843.463,19.825,2,11126.76153,12.02
1793.127,18.71666667,2,11007.32931,12.82
5292.073,13.7,1,2867.838556,23.5
1815.453,20.425,2,10615.93472,12.46
6903.99,10.88,2,24103.57875,15.56666667
1734.47,17.95,2,10231.43653,13.16
1837.297,19.125,2,10251.79319,10.68
1820.73,19.225,2,10367.27917,16.08
4489.937,12.4,2,11389.1,25.86666667
1700.707,18.57142857,2,9110.652778,13.2
3813.793,12.46153846,2,11052.82097,24.96666667
4363.18,10.4,1,16.71198611,20.26666667
4125.454,12.5,1,1681.125319,18.36666667
1827.297,17.925,2,10131.79319,10.88
1933.613,20.21428571,2,11749.00264,14.22
1812.33,19.625,2,11160.47958,12.48
1787.783,17.85,2,10748.71528,10.9
3365.743,9.071428571,2,1888.644861,35.68
6701.65,13.94,1,3596.152417,18.1
4782.46,10.7125,1,1464.307681,21.5
3611.78,9.8,2,7556.056111,25.4
4365.18,11,1,16.71198611,20.96666667
1860.753,20.05555556,2,11679.97264,11.82
1758.277,20.025,2,12179.5875,16.62
1804.91,18.825,2,10130.91306,11.94
3135.193,20,1,2347.313611,15.48
1454.863,19.86666667,1,298.4625,10.5
3406.187,15.98571429,1,2286.041764,17.93333333
5073.56,10.55,2,19160.41069,19.4
5864.266,11.27272727,2,25984.84736,22.76666667
1857.654,19.625,2,11133.95847,11.94
1920.327,19.325,2,11116.96417,12.48
5400.937,12.17142857,2,25171.86944,27.9
1824.297,19.025,2,10281.79319,10.58
2849.877,10.33333333,2,11339.67347,21.8
4533.086,13.8125,2,17964.84431,20.14
5066.907,11.33333333,2,15874.52806,20.63333333
4395.096,13.8,1,2080.839375,22.53333333
3359.743,9.071428571,2,1948.644861,35.78
2002.163,18.95555556,2,12096.08903,11.78
1669.23,19.725,2,9652.509306,10.8
1827.15,18.925,2,10173.05125,11.32
1769.277,19.225,2,12079.5875,15.62
4965.384,12.74444444,2,17668.18208,24.33333333
5490.857,14.59047619,2,24793.07639,18.3
1813.73,19.025,2,10307.27917,16.58
1881.86,18.15,2,12210.28319,13.08
5610.887,12.51904762,1,3229.470861,21.56666667
4805.233,11.43333333,1,2088.087917,22.7
1795.033,19.33846154,2,10996.39139,10.94
4400.017,10.06666667,2,15543.83861,17
5416.937,11.27142857,2,25201.86944,28.8
1841.15,18.125,2,10173.05125,11.12
1891.21,17.22857143,2,11903.55986,14.072
5293.84,13.35238095,1,2642.006042,20.43333333
1810.977,19.425,2,10708.30667,12.8
1913.59,20.55,2,11979.05625,12.42
5411.923,12.5,1,2513.123514,12.96666667
1759.277,20.125,2,12049.5875,16.92
5252.473,10.82,2,24270.31083,22.73333333
6010.28,10.2,2,16338.67708,24.2
1834.183,20.11428571,2,14606.74347,15.94
1851.13,19.225,2,11102.36722,14.68
4230.056,13.8,1,45546.71028,17.16
1835.463,19.825,2,11216.76153,12.72
6380.473,10.67826087,1,2116.709556,19.33333333
4518.41,11.625,1,1934.495972,12.73333333
4204.11,10.5,2,5799.73625,23.42
1793.863,18.57142857,2,10449.44806,14.14
2851.877,10.13333333,2,11279.67347,23
1868.86,19.65,2,12190.28319,12.88
5213.027,11.84736842,1,1916.124139,17.86666667
5061.393,10.5,2,19062.98986,24.02
2014.38,17.91666667,2,12913.47875,12.46
4063.764,12,1,2005.165736,21.26666667
1811.33,20.125,2,11160.47958,11.18
1873.113,19.35,2,11578.34361,15.06
1693.707,19.07142857,2,9090.652778,12.2
3549.373,9.7,1,245.0034722,30.22
1728.987,19.825,2,10294.73319,13.34
5334.58,14.44444444,1,18375.81583,23.24
1768.333,20.525,2,10848.26792,11
1859.654,19.625,2,11173.95847,11.84
1803.203,18.01428571,2,11788.19972,11.02
1858.28,18.34,2,10916.18611,12.98
5987.697,16.21428571,2,17766.64972,21.74
1850.244,17.61578947,2,11477.42236,11.72
3600.64,9.016666667,1,1143.914917,23.96666667
4060.764,12.1,1,1885.165736,20.36666667
3610.64,10.51666667,1,973.9149167,24.96666667
1784.987,18.625,2,11616.32181,14.74
1805.91,18.325,2,10020.91306,13.04
1797.823,18.4,2,11364.73042,14.54
1801.783,18.95,2,10728.71528,11.3
1835.244,18.71578947,2,11507.42236,11.22
5042.29,9.5,1,902.4012917,25.86666667
5007.25,13.24444444,1,2226.492222,19.93333333
1829.79,20.425,2,11266.79056,10.434
1855.13,19.625,2,11102.36722,14.38
1827.297,17.925,2,10211.79319,11.58
3602.543,12.61428571,2,26128.29597,19.26666667
1869.857,18.3,2,12222.61986,16.74
4953.39,16.25294118,1,14725.815,15.38
2695.73,18.5,2,7682.309167,16.82
1922.59,19.95,2,11879.05625,14.02
1876.86,18.15,2,12200.28319,12.78
5363.71,11.05,1,1708.985958,24.03333333
3983.58,12.08571429,1,1741.7,15.13333333
1976.897,14.04444444,1,3131.032917,12.72
5003.25,12.64444444,1,2066.492222,20.33333333
1799.033,18.23846154,2,10966.39139,11.64
3601.543,12.91428571,2,26008.29597,19.96666667
1737.43,18.25555556,2,9291.028056,9.98
4235.213,14,2,16919.71778,29.64
3599.78,10.1,2,7586.056111,24.6
1760.277,20.225,2,12119.5875,16.92
1756.167,20.26666667,2,10927.42542,14.2
3148.193,18.6,1,2397.313611,15.18
1739.43,18.45555556,2,9391.028056,11.08
5250.617,10.3,2,16568.22667,24.7
4645.253,10.28947368,2,11245.47319,21.1
3632.773,14.12307692,2,17375.69278,22.66
5049.647,11.20909091,1,100.1571528,11.98
1835.62,20.025,2,10022.37181,11.14
3980.58,12.48571429,1,1811.7,16.23333333
4454.11,12.48888889,2,18024.95306,24.03333333
3964.73,11.17142857,1,1174.519097,19.76666667
5632.434,11.8,2,19055.13681,16.1
5246.657,10.95,2,20130.485,25.23333333
6009.28,10.6,2,16268.67708,23.7
1882.86,19.15,2,12160.28319,13.18
2331.66,9.364285714,2,1986.276111,14.3
5607.294,11.64285714,1,2024.409181,22.03333333
1925.66,19.6,2,11268.91139,10.26
5224.074,12.72631579,1,2467.935569,18.6
5401.923,11.5,1,2463.123514,12.06666667
5057.393,10.3,2,19022.98986,23.32
1796.524,20.125,2,11474.57889,11.46
1803.86,18,2,9621.905139,11.14
5413.937,10.67142857,2,25141.86944,28.2
6584.3,15.575,2,24128.97681,22.36666667
3605.453,10.90769231,2,6842.957361,17.66666667
1692.707,17.97142857,2,9210.652778,13.2
4639.253,10.48947368,2,11065.47319,21.1
4928.407,9.653846154,1,707.0134722,26.7
4225.213,13.9,2,16859.71778,29.54
5074.56,10.35,2,19270.41069,18.8
5010.527,9.276470588,1,1377.820389,18.7
4455.11,12.58888889,2,18154.95306,23.73333333
1729.987,18.925,2,10374.73319,14.14
5315.82,12.22222222,1,2560.699583,22.3
4214.11,10.3,2,5759.73625,23.12
1755.047,18.21428571,2,10833.75097,13.48
6553.123,14.84166667,2,29807.46056,27.13333333
4182.113,9.827272727,2,5907.405694,27.23333333
1814.497,19.35,2,9785.636389,10.68
5526.44,14.50526316,1,2010.340069,23.5
1801.33,20.325,2,11200.47958,12.78
4233.213,14.5,2,16759.71778,29.44
3133.193,19.6,1,2387.313611,14.98
1798.896,18.88888889,2,10428.72639,11.06
1814.76,19.425,2,11170.95167,13.7
1800.524,19.325,2,11574.57889,11.16
1903.327,18.825,2,11136.96417,13.58
1721.777,23.45,2,9437.263472,13.54
3607.453,12.00769231,2,6952.957361,16.76666667
3305.35,10.28333333,1,1922.767111,15.96666667
4382.096,13.4,1,1910.839375,22.53333333
4973.384,11.74444444,2,17618.18208,24.33333333
1825.73,19.125,2,10427.27917,16.68
1888.21,16.92857143,2,11893.55986,14.272
5294.84,12.15238095,1,2742.006042,20.43333333
2960.073,11.3,2,5737.591806,24.16666667
5402.937,10.87142857,2,25051.86944,28.6
1867.857,18.3,2,12132.61986,16.54
2687.73,18.3,2,7772.309167,16.42
1759.167,18.76666667,2,10867.42542,14
4354.18,11.1,1,26.71198611,20.66666667
5010.407,13.46666667,1,780.999125,24.26666667
3606.78,10.7,2,7656.056111,25.4
1868.31,18.67142857,2,11316.93944,14.82
1850.426,16.86666667,2,10461.69375,13.98
1883.21,16.62857143,2,11893.55986,14.472
4359.87,10.925,2,13544.56208,14.3
1696.227,19.67142857,2,10134.40958,14.42
1870.86,18.65,2,12220.28319,13.98
1885.1,19.37142857,2,13164.37278,15.48
4994.47,13.96470588,2,12595.85264,27.03333333
1982.897,13.74444444,1,3081.032917,12.72
4087.5,14.4,2,34391.64222,18.4
4814.637,12.14117647,1,1542.297681,11.73333333
4502.9,15.6875,2,18139.12236,25
2060.663,19.625,2,13093.48958,13.36
2004.38,17.71666667,2,12903.47875,13.26
1844.13,19.525,2,11062.36722,15.48
4128.454,13,1,1701.125319,18.36666667
1797.33,18.4,2,11919.76097,13.92
4473.937,11.7,2,11379.1,25.66666667
4774.46,11.7125,1,1554.307681,21.6
1701.707,18.67142857,2,9230.652778,12.5
5157.557,14.55263158,2,23680.89458,27.7
2964.073,11.6,2,5767.591806,23.96666667
1965.84,15.31111111,2,5606.544167,11.4
1846.654,18.925,2,11113.95847,11.94
4906.21,11.3,2,15784.84625,23.2
1882.113,19.65,2,11558.34361,14.16
1733.43,18.55555556,2,9321.028056,10.18
5001.47,14.56470588,2,12495.85264,25.73333333
4870.376,9.727272727,2,18712.51917,21.4
3589.41,14.92222222,2,16428.56903,18.12
5266,9.366666667,2,9629.93625,24.33333333
3596.453,13.5,1,2307.675958,24.33333333
6013.28,11.2,2,16248.67708,23.9
4207.11,10.5,2,5839.73625,23.42
3624.493,14.2,2,20239.22875,19.46666667
1862.857,18.4,2,12212.61986,16.54
2863.877,10.13333333,2,11189.67347,22
1872.86,18.45,2,12220.28319,13.58
3307.273,10.7375,2,2779.198056,11.74
1895.1,18.87142857,2,13114.37278,15.18
4221.213,13.1,2,16819.71778,29.54
5246.657,11.65,2,20070.485,24.83333333
1880.31,19.27142857,2,11386.93944,14.12
1800.33,17.7,2,11959.76097,15.42
3362.743,9.071428571,2,2008.644861,35.08
5253.657,11.55,2,20170.485,24.73333333
2698.73,19.3,2,7782.309167,16.82
1804.497,18.95,2,9675.636389,11.98
5420.794,10.6,2,11040.10528,22.46666667
1845.654,20.225,2,11013.95847,12.14
1833.463,20.325,2,11146.76153,13.22
1725.777,22.45,2,9457.263472,11.74
1791.27,19.125,2,11007.60306,13.42
4417.337,14.9375,2,19255.3525,27.6
1835.463,19.125,2,11206.76153,13.42
1831.62,19.525,2,9982.371806,11.94
4664.486,12.22941176,2,20665.12014,15.5
4066.764,12,1,1985.165736,21.36666667
1892.614,20.21428571,2,11505.87014,13.52
1671.23,19.825,2,9602.509306,11.6
1933.147,19.01428571,2,11308.59708,11.16
4976.384,12.94444444,2,17688.18208,23.63333333
8790.48,10.37647059,1,2744.500736,19.46
4183.113,8.927272727,2,5927.405694,28.03333333
1459.863,20.06666667,1,218.4625,10.8
1795.524,19.925,2,11514.57889,11.56
1885.31,19.57142857,2,11376.93944,13.82
1830.62,20.025,2,9962.371806,10.64
1875.31,19.97142857,2,11326.93944,14.72
4958.39,17.05294118,1,14855.815,15.98
5160.557,14.75263158,2,23700.89458,27.9
4352.87,9.825,2,13654.56208,14
1935.147,19.41428571,2,11298.59708,11.06
4976.384,12.54444444,2,17588.18208,25.23333333
5519.44,13.90526316,1,2000.340069,22.9
4350.92,10.95,2,14411.38264,16.43333333
3596.64,9.616666667,1,1023.914917,24.86666667
4867.376,10.12727273,2,18812.51917,21.6
4237.056,14.7,1,45446.71028,17.76
5321.82,12.62222222,1,2560.699583,22.3
1820.79,20.225,2,11346.79056,11.534
3557.373,9.7,1,285.0034722,31.72
5610.294,11.24285714,1,2034.409181,21.73333333
5250.58,10.51578947,2,17678.365,24.03333333
4964.384,12.44444444,2,17618.18208,24.13333333
1876.86,18.25,2,12160.28319,12.98
5851.266,11.27272727,2,25974.84736,22.96666667
6555.123,13.84166667,2,29797.46056,27.33333333
1794.127,17.51666667,2,10997.32931,12.62
5418.794,11,2,10960.10528,22.96666667
5219.074,14.32631579,1,2517.935569,17.9
3990.273,14.4,2,16037.21431,15.76
4093.5,15.7,2,34281.64222,18.7
1777.987,19.525,2,11636.32181,13.44
1453.863,19.66666667,1,218.4625,11.9
3595.78,10,2,7696.056111,25.7
4271.7,17.33333333,1,2685.605375,24.53333333
5409.937,10.97142857,2,25101.86944,27.3
5604.887,10.81904762,1,3249.470861,21.46666667
5259.473,10.82,2,24270.31083,23.63333333
1693.247,19.7,1,3655.897083,13.32
3822.793,12.56153846,2,11102.82097,24.56666667
1803.863,18.97142857,2,10439.44806,14.94
1804.97,17.03043478,1,7262.194583,12.56
1799.524,19.125,2,11644.57889,11.86
1764.167,19.76666667,2,10887.42542,14.5
3983.58,13.28571429,1,1861.7,16.23333333
5213.027,11.74736842,1,1826.124139,16.16666667
1851.176,20.525,2,11855.33042,12.54
1794.823,19.3,2,11454.73042,13.34
8795.48,11.37647059,1,2674.500736,18.06
1802.453,18.825,2,10675.93472,11.46
5631.434,11.8,2,19045.13681,16.6
1804.86,19,2,9721.905139,11.94
4891.243,16.26666667,1,2698.116889,22.23333333
1831.32,18.75555556,2,11735.85347,14.6
1874.857,18,2,12212.61986,16.14
3819.793,11.96153846,2,11062.82097,25.86666667
1876.113,18.25,2,11508.34361,14.96
1932.147,18.51428571,2,11338.59708,10.76
1822.62,20.025,2,10012.37181,10.84
4929.407,9.253846154,1,647.0134722,26.5
1704.707,18.17142857,2,9240.652778,11.7
1843.654,19.825,2,11133.95847,12.44
5034.66,12.61111111,2,12786.57681,15.5
3820.67,15.86923077,1,2676.063931,21.63333333
4204.11,10.8,2,5709.73625,22.72
1746.437,19.125,2,10823.29958,14.32
2858.877,10.43333333,2,11329.67347,21.6
1797.33,17.4,2,11869.76097,14.52
2005.38,18.01666667,2,12963.47875,13.16
1919.613,19.01428571,2,11669.00264,14.32
4763.527,14.33333333,2,34747.1475,17.96
3636.4,17.21428571,2,27307.65042,24.3
3593.453,12.4,1,2307.675958,24.83333333
1881.31,19.87142857,2,11326.93944,13.42
4367.18,11,1,-13.28801389,19.56666667
6378.473,11.27826087,1,2256.709556,18.73333333
2337.66,7.564285714,2,1966.276111,15.5
1828.62,20.325,2,10072.37181,11.64
1808.186,18.11666667,2,11245.48847,15.12
1945.47,18.76666667,2,12005.92569,12.74
4663.486,11.52941176,2,20725.12014,14.4
1922.147,19.61428571,2,11458.59708,11.46
3991.58,13.48571429,1,1751.7,16.73333333
4958.39,16.35294118,1,14755.815,14.88
1807.4,17.95,2,10977.69306,11.94
1847.346,18.01428571,2,10974.45208,13.52
1797.33,19.625,2,11270.47958,11.48
1733.987,18.825,2,10424.73319,12.54
4037.907,13.6125,2,18911.41431,14.42
1929.613,20.01428571,2,11709.00264,13.52
3603.593,9.666666667,2,11379.60083,20.36666667
1933.66,20.4,2,11248.91139,10.76
1950.07,17.91428571,2,10877.71042,17
1793.86,18.2,2,9651.905139,11.54
5030.29,10.3,1,972.4012917,26.46666667
4227.213,14.9,2,16919.71778,29.44
5244.58,11.11578947,2,17778.365,25.53333333
5059.907,10.03333333,2,16024.52806,20.23333333
5245.473,10.52,2,24200.31083,22.93333333
5460.863,9.8,1,1532.53575,19.66666667
6047.84,13.58461538,2,17074.77361,17.44
3755.68,9.707692308,2,7632.12875,20.33333333
3603.593,10.86666667,2,11399.60083,19.96666667
3605.64,9.116666667,1,1073.914917,25.06666667
1843.13,19.225,2,11142.36722,14.38
3146.193,20.4,1,2327.313611,15.18
4774.527,13.73333333,2,34787.1475,19.16
4999.407,13.36666667,1,920.999125,25.36666667
1832.79,20.525,2,11316.79056,10.434
3818.793,13.06153846,2,11052.82097,24.16666667
5422.794,11,2,11000.10528,22.26666667
4484.937,11.9,2,11419.1,24.36666667
3939.307,13.6875,2,16874.21042,23.86
5004.25,12.74444444,1,2106.492222,20.33333333
4630.9,11.3625,2,21021.30847,23.12
5292.84,13.65238095,1,2762.006042,20.63333333
1829.15,19.025,2,10143.05125,11.72
1837.367,19.03333333,2,11286.32347,13.06
1845.463,20.225,2,11166.76153,12.82
7368.947,10.13793103,2,25336.80556,21.23333333
5261.657,11.35,2,20120.485,25.33333333
4852.227,10.97647059,1,1717.058611,38.7
5257.58,10.91578947,2,17748.365,24.33333333
4511.023,10.3625,2,11531.79167,21.46666667
4923.407,10.55384615,1,737.0134722,27.3
4671.486,11.72941176,2,20725.12014,14.9
1753.047,18.71428571,2,10723.75097,13.18
4854.376,9.727272727,2,18692.51917,22
3599.41,14.52222222,2,16398.56903,18.52
4432.337,14.7375,2,19325.3525,28.1
1812.977,18.31428571,2,11267.28583,14.76
1805.823,19.5,2,11384.73042,13.84
3938.307,14.4875,2,16904.21042,25.16
3129.36,10.72857143,1,266.6024722,25.22
5633.434,11.2,2,19035.13681,17
1902.063,18.325,2,11760.44458,14.38
1924.66,20.1,2,11278.91139,11.46
4487.937,11.9,2,11359.1,25.36666667
5457.863,10.2,1,1392.53575,19.86666667
6574.3,17.275,2,24058.97681,23.06666667
1800.033,17.73846154,2,10886.39139,11.64
1890.21,17.32857143,2,11823.55986,15.272
1704.707,18.67142857,2,9170.652778,13.4
6558.123,13.84166667,2,29887.46056,27.03333333
1978.897,15.34444444,1,3021.032917,12.12
3597.41,14.52222222,2,16428.56903,18.42
1816.06,19.76666667,2,11604.67556,14.82
2955.073,11.7,2,5677.591806,24.56666667
5058.393,11.5,2,19022.98986,23.72
3640.4,16.51428571,2,27217.65042,23.6
1857.13,20.525,2,11162.36722,14.28
1930.147,18.51428571,2,11388.59708,11.46
1822.76,18.625,2,11150.95167,13.8
3594.64,10.21666667,1,1063.914917,24.66666667
1863.28,18.54,2,11076.18611,12.58
4973.384,12.74444444,2,17618.18208,24.33333333
3628.773,13.22307692,2,17285.69278,22.96
5974.697,15.71428571,2,17746.64972,21.84
3941.787,14.5875,2,16295.97403,22.76
4352.92,10.65,2,14471.38264,15.13333333
4492.9,15.5875,2,18079.12236,25.4
1846.176,20.525,2,11905.33042,11.74
4931.407,10.25384615,1,747.0134722,27.7
1830.193,18.925,2,11418.15347,13.92
3946.307,14.4875,2,16864.21042,24.06
1854.176,19.825,2,11935.33042,13.04
1839.367,18.83333333,2,11346.32347,13.86
4380.096,13.4,1,1970.839375,21.23333333
1929.613,19.71428571,2,11719.00264,13.12
1811.28,19.23636364,2,11441.65083,9.98
4906.007,10.38947368,2,19533.4875,20.53333333
3420.433,17.8,1,2712.649167,22.13333333
1739.987,19.325,2,10314.73319,13.54
3542.343,16.18571429,1,3155.640611,16.1
1828.297,18.125,2,10181.79319,10.48
1459.863,19.26666667,1,188.4625,11.8
1821.73,19.525,2,10247.27917,17.38
8798.48,10.97647059,1,2724.500736,18.06
1859.13,18.925,2,11132.36722,14.18
3607.513,16.2,2,13113.13694,21.8
1689.227,19.17142857,2,10174.40958,12.72
5250.657,11.75,2,20090.485,24.93333333
6032.84,13.38461538,2,17094.77361,17.44
1802.33,19.925,2,11200.47958,12.48
1884.31,20.37142857,2,11236.93944,13.82
5292.073,13.2,1,2817.838556,24.5
1681.23,20.425,2,9642.509306,11.7
3605.64,9.216666667,1,1073.914917,23.76666667
1799.823,19.3,2,11404.73042,13.64
1764.047,18.61428571,2,10833.75097,14.08
1868.31,18.97142857,2,11286.93944,14.02
1795.524,18.825,2,11624.57889,11.26
1803.033,17.63846154,2,11026.39139,11.14
1788.86,18.2,2,9731.905139,11.54
1922.147,19.51428571,2,11338.59708,11.16
4247.056,15.4,1,45436.71028,16.96
1789.27,20.425,2,11167.60306,12.52
8173.133,13.53333333,1,3620.357514,31.2
1935.66,19.1,2,11178.91139,10.46
4827.637,12.84117647,1,1462.297681,11.93333333
1809.28,20.33636364,2,11511.65083,9.98
1443.863,19.66666667,1,208.4625,11.2
1903.327,18.925,2,11036.96417,12.58
6895.99,10.18,2,23993.57875,15.96666667
5638.434,11.8,2,19015.13681,16.2
1810.33,19.625,2,11280.47958,11.88
5526.44,13.60526316,1,2070.340069,22.9
1987.163,19.55555556,2,12016.08903,11.98
1694.247,18.9,1,3695.897083,12.92
1838.463,18.825,2,11156.76153,13.42
4997.47,14.46470588,2,12455.85264,25.33333333
1812.977,19.01428571,2,11347.28583,15.46
1826.79,18.725,2,11346.79056,12.134
1812.5,20.07142857,2,10014.40403,12.32
4020.907,13.2125,2,18951.41431,15.02
3354.743,9.271428571,2,1898.644861,36.58
1800.863,18.97142857,2,10509.44806,15.64
5250.657,11.85,2,20100.485,25.03333333
4829.637,12.24117647,1,1562.297681,10.83333333
4191.113,10.22727273,2,5857.405694,27.73333333
1815.4,17.95,2,11047.69306,11.74
1760.277,19.425,2,12189.5875,16.72
1840.367,17.53333333,2,11336.32347,13.66
1821.977,19.51428571,2,11357.28583,15.36
4867.376,9.527272727,2,18802.51917,21.7
1839.176,20.225,2,11885.33042,11.84
6013.28,11.5,2,16278.67708,22.6
1353.34,19.4,2,9421.781389,13.64
3365.324,10.8,2,2267.949583,36.64
1801.33,18.3,2,11919.76097,14.62
4352.136,9.866666667,2,11733.33764,14.43333333
6008.28,10.1,2,16308.67708,23.2
4495.9,15.0875,2,18079.12236,25
4367.136,9.866666667,2,11593.33764,13.63333333
1831.32,19.95555556,2,11645.85347,13.6
1790.863,18.27142857,2,10389.44806,15.24
4058.764,12,1,1945.165736,20.76666667
1815.977,18.725,2,10668.30667,14.2
5639.434,11.7,2,19075.13681,17.1
1813.203,19.61428571,2,11858.19972,11.92
3551.373,9.7,1,175.0034722,31.62
3948.787,13.2875,2,16415.97403,23.26
4209.11,11,2,5809.73625,22.12
1813.977,18.41428571,2,11277.28583,16.26
3597.78,9.9,2,7616.056111,24.7
5246.657,11.15,2,20130.485,23.73333333
1846.426,17.46666667,2,10551.69375,13.98
3562.373,10.3,1,185.0034722,30.72
3413.187,15.18571429,1,2136.041764,16.63333333
1893.21,16.42857143,2,11803.55986,15.072
4268.7,17.23333333,1,2725.605375,22.83333333
1809.5,18.97142857,2,9944.404028,13.72
1800.047,19.32941176,2,10548.09514,13.78
1804.497,19.15,2,9635.636389,12.08
1811.203,18.01428571,2,11808.19972,11.52
1927.613,20.41428571,2,11679.00264,13.22
1821.193,18.625,2,11438.15347,14.62
4925.407,10.15384615,1,677.0134722,26.9
1823.977,18.125,2,10708.30667,13.2
4388.096,12.7,1,2010.839375,22.03333333
1797.896,18.48888889,2,10548.72639,10.36
1939.147,18.71428571,2,11318.59708,12.16
3319.35,10.18333333,1,1942.767111,17.06666667
4359.136,11.26666667,2,11633.33764,13.73333333
4223.026,14.5,2,19171.20486,24.9
4362.136,9.766666667,2,11703.33764,14.43333333
5005.527,11.07647059,1,1507.820389,19.1
3608.453,12.3,1,2247.675958,24.23333333
5005.47,14.36470588,2,12545.85264,26.13333333
6900.99,10.58,2,24083.57875,16.06666667
1823.79,19.225,2,11326.79056,11.334
1995.163,18.95555556,2,12156.08903,11.18
5078.56,10.15,2,19220.41069,20.5
1694.707,18.77142857,2,9230.652778,11.7
4950.39,17.15294118,1,14875.815,14.78
1735.987,19.125,2,10384.73319,14.14
1998.163,19.05555556,2,12006.08903,11.58
1833.887,19.88333333,2,10345.39667,11.52
1793.524,19.625,2,11624.57889,11.36
4091.5,15.7,2,34251.64222,19.7
1356.34,18.7,2,9401.781389,14.04
4353.87,9.925,2,13554.56208,14
4906.21,12,2,15684.84625,24.3
1931.66,19.6,2,11348.91139,10.66
4810.233,12.33333333,1,2178.087917,21.6
3980.58,12.28571429,1,1801.7,16.73333333
1804.453,20.525,2,10745.93472,12.46
4515.41,11.125,1,1914.495972,12.73333333
3822.67,15.46923077,1,2646.063931,21.03333333
4007.273,14.5,2,16097.21431,15.56
6577.3,17.275,2,24058.97681,22.56666667
4824.65,12.54210526,1,2020.594181,18.9
3145.36,10.22857143,1,246.6024722,24.82
4822.637,12.14117647,1,1412.297681,11.13333333
1803.823,18.8,2,11464.73042,13.34
4420.337,14.9375,2,19375.3525,27.3
1801.33,18.5,2,12009.76097,14.82
2065.663,18.725,2,13053.48958,13.36
1875.86,18.95,2,12080.28319,13.38
1810.33,18,2,11879.76097,14.32
3755.68,10.20769231,2,7652.12875,19.73333333
1363.34,18.9,2,9401.781389,13.84
4128.454,13,1,1761.125319,19.06666667
1892.1,19.97142857,2,13214.37278,16.58
5489.857,15.09047619,2,24913.07639,18.3
1729.777,21.95,2,9397.263472,13.04
5261.473,11.72,2,24210.31083,23.03333333
4430.337,15.4375,2,19295.3525,26.4
1818.977,18.225,2,10678.30667,13.4
5045.66,12.41111111,2,12886.57681,16.5
4477.937,11.8,2,11279.1,24.56666667
1961.84,14.21111111,2,5606.544167,11.3
4919.407,9.853846154,1,817.0134722,26
4477.937,12.5,2,11359.1,25.76666667
4365.18,11.2,1,96.71198611,20.96666667
1884.1,19.37142857,2,13214.37278,15.88
4493.98,12.225,2,11463.02708,17
4340.014,11.2,2,27416.00528,26
8801.48,11.17647059,1,2654.500736,17.66
1815.977,19.225,2,10638.30667,13.7
4908.973,18.0125,1,2904.385361,25.6
7366.947,10.23793103,2,25286.80556,21.33333333
5863.266,11.87272727,2,25934.84736,23.06666667
4964.39,15.55294118,1,14845.815,16.18
4464.11,14.28888889,2,18074.95306,23.33333333
3371.324,10.5,2,2317.949583,36.64
3551.057,13.1,1,1135.145958,24.46666667
1805.783,18.25,2,10828.71528,12.3
3412.187,15.78571429,1,2196.041764,16.73333333
5058.647,11.00909091,1,70.15715278,12.68
5492.857,14.79047619,2,24773.07639,20.1
3564.057,12.9,1,1105.145958,23.56666667
5050.66,11.71111111,2,12846.57681,16.1
5259.58,10.21578947,2,17688.365,25.13333333
1797.86,18.1,2,9591.905139,10.24
1935.613,20.41428571,2,11649.00264,13.62
1734.777,23.35,2,9507.263472,13.44
1807.186,17.21666667,2,11355.48847,13.82
5528.44,14.70526316,1,2100.340069,22.3
1832.62,20.225,2,10022.37181,11.24
5609.294,13.04285714,1,2014.409181,22.33333333
1798.97,16.13043478,1,7202.194583,12.96
4038.907,13.8125,2,19031.41431,14.12
5640.434,11.2,2,18995.13681,16.7
4499.023,10.3625,2,11641.79167,20.56666667
4273.953,12.76666667,1,1494.188278,15.5
1803.033,17.73846154,2,10926.39139,10.64
1843.654,19.925,2,11023.95847,13.54
4494.023,9.1625,2,11561.79167,21.26666667
5002.47,14.36470588,2,12525.85264,26.23333333
5249.58,10.71578947,2,17728.365,23.93333333
1792.86,18.3,2,9691.905139,11.44
7931.36,16.72727273,2,27875.30264,25.76666667
4497.023,10.3625,2,11631.79167,20.06666667
1735.777,22.45,2,9537.263472,13.44
1814.4,19.35,2,10947.69306,11.14
1918.063,19.025,2,11700.44458,13.78
1887.113,19.65,2,11478.34361,15.26
3821.67,15.86923077,1,2576.063931,21.93333333
1845.13,18.825,2,11092.36722,15.78
1768.277,18.825,2,12079.5875,16.42
1793.783,18.45,2,10788.71528,10.6
5009.47,15.46470588,2,12615.85264,27.03333333
1830.79,19.425,2,11366.79056,10.434
1885.113,19.65,2,11618.34361,15.36
1688.247,19.7,1,3665.897083,13.42
1801.91,18.225,2,10070.91306,12.54
1734.47,18.05,2,10391.43653,11.76
1739.987,19.425,2,10384.73319,13.44
4357.136,10.46666667,2,11763.33764,13.53333333
4369.18,9.8,1,126.7119861,20.96666667
5399.923,11.8,1,2433.123514,12.06666667
1887.614,20.21428571,2,11465.87014,12.42
5040.66,11.71111111,2,12786.57681,15.6
6038.84,12.58461538,2,17094.77361,18.04
4008.273,13.5,2,16157.21431,15.56
5005.47,14.06470588,2,12505.85264,25.23333333
3403.187,14.68571429,1,2146.041764,16.83333333
4913.21,11.5,2,15674.84625,23.3
1812.497,19.35,2,9665.636389,10.88
3614.543,13.81428571,2,25988.29597,20.76666667
1877.86,18.15,2,12080.28319,13.68
5089.743,13.68947368,1,1881.146056,16.2
4259.7,17.23333333,1,2705.605375,23.93333333
5480.857,14.59047619,2,24783.07639,18.8
4639.9,11.1625,2,20901.30847,23.12
5163.557,13.65263158,2,23680.89458,27.3
4475.293,9.494117647,2,16277.18597,18.93333333
2948.073,12.4,2,5597.591806,23.66666667
1924.66,18.9,2,11278.91139,10.46
5288.073,13,1,2807.838556,23.6
5008.407,13.36666667,1,850.999125,25.16666667
1926.66,20,2,11188.91139,9.96
1758.277,20.325,2,12029.5875,15.52
8166.133,12.33333333,1,3670.357514,31.3
8792.48,10.57647059,1,2724.500736,18.06
5098.743,12.08947368,1,2021.146056,17.5
1790.863,18.17142857,2,10469.44806,14.54
3545.343,14.68571429,1,3075.640611,17.2
1362.34,18.3,2,9461.781389,14.84
4005.273,14.3,2,16027.21431,16.66
1859.654,19.025,2,11113.95847,12.14
5292.073,13.6,1,2767.838556,23.3
6386.473,10.87826087,1,2146.709556,18.33333333
1747.47,18.85,2,10221.43653,12.26
1850.244,17.81578947,2,11387.42236,11.32
4654.486,12.02941176,2,20725.12014,15
3541.343,14.78571429,1,3185.640611,16.6
3766.68,10.70769231,2,7702.12875,19.83333333
1813.203,18.71428571,2,11958.19972,11.52
1823.32,19.55555556,2,11745.85347,14
4935.407,9.253846154,1,647.0134722,26.9
1773.987,19.425,2,11506.32181,13.54
6705.65,13.84,1,3636.152417,17.9
4803.233,11.83333333,1,2258.087917,21
1797.453,20.325,2,10565.93472,11.26
1886.614,20.31428571,2,11415.87014,11.92
5264,9.666666667,2,9679.93625,23.83333333
1691.227,20.07142857,2,10164.40958,14.22
1833.79,20.325,2,11286.79056,10.834
4963.39,17.05294118,1,14805.815,14.68
4771.527,14.53333333,2,34817.1475,19.16
1868.753,19.25555556,2,11679.97264,12.82
3604.593,10.46666667,2,11379.60083,19.46666667
1824.32,19.35555556,2,11715.85347,13.4
1892.21,17.32857143,2,11773.55986,14.472
1795.86,19.2,2,9691.905139,11.84
1813.977,19.325,2,10698.30667,12.7
1852.367,17.93333333,2,11416.32347,14.66
5267,9.666666667,2,9639.93625,23.93333333
4002.273,13.6,2,16137.21431,16.66
4129.454,13.5,1,1681.125319,17.66666667
4783.46,12.0125,1,1504.307681,22.1
3562.373,10.9,1,265.0034722,30.92
3599.41,14.52222222,2,16398.56903,19.32
4663.486,10.72941176,2,20655.12014,14.9
3803.547,10.5,2,14108.01389,14.7
5051.66,12.51111111,2,12896.57681,16.2
1880.86,18.45,2,12160.28319,13.78
1950.07,19.11428571,2,11017.71042,17
6384.473,10.17826087,1,2116.709556,18.43333333
7927.36,16.42727273,2,27855.30264,25.96666667
6034.84,13.88461538,2,17074.77361,18.44
5251.657,11.65,2,20170.485,24.53333333
3803.547,10.7,2,14128.01389,14.2
3419.187,14.78571429,1,2296.041764,17.63333333
4489.9,16.4875,2,18259.12236,25.3
5412.923,12.6,1,2483.123514,12.06666667
2058.663,20.225,2,13053.48958,12.46
4998.25,12.24444444,1,2176.492222,20.33333333
5163.557,14.35263158,2,23560.89458,27.3
3358.324,11.3,2,2287.949583,36.04
5399.923,12.3,1,2413.123514,11.66666667
1843.733,18.57777778,2,10208.14792,11.08
5003.25,12.44444444,1,2106.492222,20.63333333
3824.793,12.06153846,2,10982.82097,24.46666667
1807.97,16.53043478,1,7152.194583,12.66
1442.863,19.16666667,1,298.4625,11.4
4480.937,12.8,2,11359.1,25.66666667
5500.87,14.50526316,2,19205.20181,24.1
7924.36,17.32727273,2,27905.30264,24.96666667
1889.113,19.65,2,11558.34361,15.46
4530.086,13.4125,2,17994.84431,19.44
5244.473,10.12,2,24290.31083,23.03333333
1810.623,14.76363636,2,4362.207778,11.2
3754.68,10.40769231,2,7572.12875,19.73333333
4916.21,11.8,2,15834.84625,23.4
1788.86,18.2,2,9681.905139,11.14
3963.93,15.1,1,1988.251972,26.06666667
3593.41,14.92222222,2,16408.56903,18.32
1815.193,18.925,2,11308.15347,13.62
1752.167,18.76666667,2,10877.42542,13.9
1835.346,18.01428571,2,10974.45208,13.32
3611.453,12.1,1,2317.675958,23.93333333
6583.3,15.575,2,24148.97681,23.36666667
1918.063,18.825,2,11730.44458,13.68
1443.863,19.06666667,1,248.4625,11.8
1764.277,20.225,2,12129.5875,15.82
1828.193,19.025,2,11328.15347,13.82
3600.543,13.11428571,2,26098.29597,20.56666667
1829.977,18.31428571,2,11367.28583,14.56
7938.36,16.92727273,2,27865.30264,25.56666667
1683.247,19.6,1,3755.897083,12.82
1724.987,19.325,2,10424.73319,13.64
1877.113,19.05,2,11458.34361,15.06
1818.497,19.45,2,9635.636389,11.38
1814.453,19.825,2,10735.93472,11.36
1827.463,18.725,2,11186.76153,12.62
4906.007,11.58947368,2,19533.4875,19.93333333
1805.97,15.53043478,1,7172.194583,12.96
5070.393,11.8,2,19132.98986,24.32
1769.277,20.225,2,12089.5875,16.02
6704.65,13.94,1,3506.152417,19.5
3308.35,10.78333333,1,1932.767111,15.66666667
3595.64,9.016666667,1,1003.914917,24.46666667
1796.823,19.8,2,11314.73042,14.64
4387.096,12.4,1,1920.839375,21.93333333
3758.68,10.10769231,2,7572.12875,20.83333333
3603.41,15.42222222,2,16398.56903,18.92
1952.47,18.86666667,2,12025.92569,12.94
2952.073,11.7,2,5627.591806,25.26666667
5495.87,15.90526316,2,19155.20181,24.3
4210.11,10,2,5869.73625,22.22
1801.33,18.5,2,11999.76097,14.82
7364.947,9.237931034,2,25316.80556,21.33333333
4519.41,10.625,1,1924.495972,12.73333333
2009.38,16.81666667,2,13043.47875,12.76
3813.67,16.06923077,1,2686.063931,21.33333333
4034.907,13.8125,2,18951.41431,15.42
1948.07,19.61428571,2,10957.71042,16.9
4512.41,11.425,1,1854.495972,12.43333333
1753.167,19.76666667,2,10777.42542,13.3
2338.66,9.064285714,2,1966.276111,14.5
5082.56,10.55,2,19180.41069,19.6
1721.777,22.65,2,9507.263472,12.64
3149.193,19.3,1,2477.313611,14.48
4353.136,11.36666667,2,11693.33764,13.13333333
3316.273,10.9375,2,2939.198056,11.24
5036.29,8.9,1,832.4012917,27.26666667
4531.086,12.9125,2,17964.84431,19.14
3590.41,15.62222222,2,16348.56903,18.42
8794.48,10.77647059,1,2654.500736,19.26
4510.023,9.5625,2,11561.79167,20.56666667
3801.547,9.5,2,14098.01389,14.4
1829.297,19.525,2,10141.79319,11.98
1822.5,18.87142857,2,9964.404028,12.52
4120.454,13,1,1681.125319,19.26666667
1811.97,15.73043478,1,7192.194583,13.26
1841.176,19.525,2,11865.33042,12.84
1682.23,19.125,2,9512.509306,10.8
1844.176,18.925,2,11865.33042,13.34
1783.27,19.425,2,11157.60306,13.42
1843.887,20.48333333,2,10215.39667,11.42
5324.82,12.52222222,1,2690.699583,23.3
1947.47,19.66666667,2,12015.92569,13.44
6584.3,16.575,2,24108.97681,22.96666667
1696.707,18.67142857,2,9160.652778,12
1820.977,18.71428571,2,11417.28583,16.16
6035.84,14.08461538,2,17004.77361,18.74
6905.99,9.88,2,24073.57875,16.56666667
5610.294,13.04285714,1,1954.409181,23.03333333
5256.58,10.31578947,2,17708.365,24.53333333
3608.543,12.51428571,2,26008.29597,19.96666667
4407.017,10.06666667,2,15693.83861,17
5066.393,11.5,2,18982.98986,24.62
3137.36,9.528571429,1,166.6024722,24.02
5249.657,11.35,2,20100.485,24.33333333
1851.654,19.325,2,11193.95847,13.04
3138.193,19.8,1,2447.313611,14.78
5100.743,13.68947368,1,2051.146056,16.7
4036.907,14.3125,2,18931.41431,14.32
1806.203,18.51428571,2,11788.19972,10.92
1442.863,19.56666667,1,308.4625,10.3
1800.91,19.425,2,10120.91306,12.24
1888.21,16.52857143,2,11913.55986,15.572
5867.266,11.87272727,2,25934.84736,23.36666667
3868.843,14.67142857,2,13833.66389,17.6
5610.887,11.51904762,1,3359.470861,22.96666667
3869.843,14.37142857,2,13843.66389,18.1
4466.11,12.98888889,2,18154.95306,23.93333333
7357.947,9.237931034,2,25406.80556,21.13333333
4236.213,14,2,16769.71778,30.24
1797.783,18.75,2,10768.71528,11.5
4352.136,9.766666667,2,11763.33764,14.43333333
5163.557,14.95263158,2,23700.89458,27.9
5106.743,11.98947368,1,1911.146056,16
4128.454,13.3,1,1711.125319,19.16666667
4022.907,14.5125,2,18951.41431,14.42
3939.787,14.4875,2,16395.97403,22.96
1839.62,19.125,2,9992.371806,11.84
4913.21,12.1,2,15734.84625,23.9
5253.58,9.615789474,2,17818.365,25.03333333
1694.227,18.67142857,2,10144.40958,13.92
1840.463,19.625,2,11176.76153,13.62
1812.497,18.25,2,9765.636389,11.48
6008.28,10.4,2,16428.67708,23.1
3628.493,14,2,20329.22875,20.76666667
4190.113,9.027272727,2,5827.405694,28.53333333
1810.06,19.76666667,2,11574.67556,13.82
4633.9,11.9625,2,21021.30847,24.62
5865.266,11.37272727,2,25854.84736,21.66666667
3601.78,10.6,2,7656.056111,25.9
4026.907,13.8125,2,18871.41431,15.02
1883.86,18.15,2,12130.28319,13.88
4360.136,11.06666667,2,11693.33764,14.43333333
5246.473,11.82,2,24300.31083,22.03333333
5207.027,10.44736842,1,1806.124139,16.36666667
1803.863,19.47142857,2,10489.44806,15.44
4894.973,17.3125,1,2984.385361,27.1
3811.547,11.1,2,14068.01389,14.3
1971.897,13.64444444,1,2991.032917,11.32
5265,9.266666667,2,9679.93625,24.03333333
1935.66,18.9,2,11328.91139,10.76
5062.393,11.4,2,19132.98986,24.72
1858.857,18.7,2,12122.61986,16.84
5414.937,12.17142857,2,25201.86944,28.5
1850.367,17.73333333,2,11456.32347,12.96
4026.907,13.0125,2,18951.41431,14.62
4355.92,11.35,2,14581.38264,15.93333333
4379.096,13.6,1,2070.839375,21.93333333
5260.657,12.15,2,20040.485,23.93333333
1881.113,19.05,2,11458.34361,14.26
4418.337,15.2375,2,19345.3525,27.2
1832.62,20.025,2,10032.37181,11.74
3759.68,10.90769231,2,7632.12875,20.73333333
1747.43,17.65555556,2,9301.028056,11.18
5034.29,9.4,1,912.4012917,25.56666667
3595.64,9.816666667,1,1143.914917,25.26666667
3754.68,9.707692308,2,7572.12875,19.93333333
4665.486,12.22941176,2,20725.12014,15.2
4523.41,11.925,1,1824.495972,11.63333333
5987.697,15.21428571,2,17716.64972,22.54
5005.25,11.64444444,1,2146.492222,21.03333333
1839.183,19.11428571,2,14636.74347,15.44
1974.897,14.94444444,1,3131.032917,11.52
1823.73,19.325,2,10397.27917,16.28
1756.047,18.31428571,2,10833.75097,13.68
3145.36,10.82857143,1,286.6024722,25.72
2003.163,18.65555556,2,12066.08903,11.88
4532.086,14.4125,2,17874.84431,20.14
5161.557,13.35263158,2,23720.89458,27.5
1771.277,20.225,2,12069.5875,16.22
1734.47,19.05,2,10371.43653,12.16
1808.823,19.3,2,11444.73042,14.14
4660.486,11.02941176,2,20655.12014,16
5054.393,10.6,2,19002.98986,23.22
4832.637,12.64117647,1,1512.297681,11.23333333
4230.213,14.8,2,16879.71778,29.74
3949.73,10.77142857,1,1134.519097,19.76666667
1807.06,19.96666667,2,11694.67556,15.02
1812.453,18.925,2,10665.93472,11.56
3418.433,17.8,1,2812.649167,22.23333333
1904.327,17.725,2,11076.96417,13.78
2687.73,18.6,2,7822.309167,17.32
5371.71,11.65,1,1728.985958,24.73333333
1797.91,18.025,2,10100.91306,12.84
4262.953,12.96666667,1,1544.188278,16.9
1668.23,20.325,2,9532.509306,11.9
1837.15,18.425,2,10183.05125,12.12
4352.92,10.55,2,14441.38264,16.63333333
3549.057,13.5,1,1115.145958,24.86666667
4905.007,10.98947368,2,19363.4875,20.73333333
5074.56,10.75,2,19110.41069,19.7
4832.637,12.54117647,1,1582.297681,10.73333333
1682.227,18.77142857,2,10164.40958,12.72
1920.66,18.7,2,11268.91139,10.56
2861.877,11.23333333,2,11339.67347,21.5
3550.373,10.1,1,105.0034722,31.12
3645.4,16.91428571,2,27227.65042,24.7
4483.937,11.9,2,11299.1,25.36666667
6378.473,11.27826087,1,2256.709556,18.33333333
1773.277,19.725,2,12029.5875,16.02
3633.773,13.02307692,2,17255.69278,21.86
1806.453,20.525,2,10645.93472,12.06
5222.074,14.22631579,1,2407.935569,17.7
3358.743,9.971428571,2,2028.644861,35.28
2060.663,20.425,2,13173.48958,12.56
4353.136,10.06666667,2,11753.33764,12.93333333
1830.15,18.525,2,10153.05125,11.32
4504.023,10.3625,2,11501.79167,19.86666667
4661.486,11.02941176,2,20815.12014,14.7
1805.783,18.35,2,10778.71528,11.9
7355.947,11.03793103,2,25286.80556,20.83333333
1808.896,18.48888889,2,10398.72639,10.56
3534.343,14.38571429,1,3145.640611,16.1
1820.76,18.825,2,11090.95167,13.2
4429.337,14.0375,2,19255.3525,26.9
1820.977,18.325,2,10668.30667,13
1817.5,18.97142857,2,9924.404028,12.32
3770.68,10.40769231,2,7652.12875,19.63333333
1813.06,19.16666667,2,11564.67556,15.02
1729.777,23.65,2,9467.263472,13.24
4628.9,11.3625,2,20931.30847,24.02
1856.857,17.9,2,12222.61986,16.44
1973.897,13.94444444,1,3001.032917,11.82
1944.07,18.91428571,2,10947.71042,16.2
4511.023,9.4625,2,11521.79167,21.26666667
5256,11.06666667,2,9699.93625,24.03333333
1800.86,19.1,2,9701.905139,10.24
1845.887,18.98333333,2,10175.39667,12.32
1835.733,17.87777778,2,10208.14792,9.78
1805.033,18.93846154,2,10946.39139,10.44
1839.426,16.66666667,2,10541.69375,14.08
1890.614,20.31428571,2,11475.87014,12.42
3865.843,14.87142857,2,13893.66389,18
4225.026,13.5,2,19181.20486,24.9
1736.43,18.25555556,2,9291.028056,11.68
2861.877,9.833333333,2,11299.67347,22.8
3939.307,14.2875,2,16914.21042,25.16
1797.047,19.82941176,2,10568.09514,13.78
4768.527,15.23333333,2,34797.1475,18.16
1899.614,19.71428571,2,11395.87014,12.32
3368.743,10.47142857,2,1978.644861,35.48
4886.243,15.26666667,1,2648.116889,23.63333333
4387.096,13.3,1,2040.839375,22.23333333
4572.35,14.34705882,2,16937.35861,20
1798.203,19.51428571,2,11818.19972,11.92
1848.346,18.51428571,2,11024.45208,12.92
1865.753,19.35555556,2,11799.97264,13.22
1920.063,18.625,2,11780.44458,12.88
6032.84,13.98461538,2,17024.77361,17.24
7354.947,11.03793103,2,25316.80556,20.73333333
1805.623,15.46363636,2,4322.207778,11.1
1900.614,19.01428571,2,11495.87014,12.92
1816.977,19.01428571,2,11277.28583,16.26
1844.13,20.525,2,11012.36722,14.18
1802.33,20.425,2,11250.47958,12.58
1815.977,18.825,2,10668.30667,12.5
1937.613,18.81428571,2,11669.00264,13.82
3603.78,9.9,2,7636.056111,25.7
2056.663,19.925,2,13173.48958,12.16
4895.973,17.2125,1,2874.385361,26.9
4660.486,11.72941176,2,20755.12014,15.7
4998.25,11.84444444,1,2216.492222,20.63333333
1950.07,18.01428571,2,10907.71042,17.4
4266.953,13.56666667,1,1534.188278,15.6
1876.31,19.97142857,2,11356.93944,13.22
5289.84,12.55238095,1,2742.006042,21.53333333
3623.493,14.5,2,20289.22875,20.96666667
4573.35,14.34705882,2,16847.35861,20
1828.733,18.27777778,2,10218.14792,10.28
1839.367,18.33333333,2,11426.32347,14.16
1799.97,16.33043478,1,7182.194583,12.56
